ESIID,USAGE_DATE,REVISION_DATE,START_READING,END_READING,USAGE_KWH,Gexa_Estimates
'10443720008051291,4/3/21,4/4/21 11:25,4882.243,4884.915,2.672,
'10443720008051291,4/4/21,4/5/21 7:38,4884.915,4887.807,2.893,
'10443720008051291,4/5/21,4/6/21 7:40,4887.807,4890.699,2.892,
'10443720008051291,4/6/21,4/7/21 7:39,4890.699,4892.699,2.368,
'10443720008051291,4/7/21,4/8/21 7:44,4892.699,4896.158,3.09,
'10443720008051291,4/8/21,4/9/21 7:45,4896.158,4899.238,3.08,
'10443720008051291,4/9/21,4/10/21 7:39,4899.238,4901.791,2.551,
'10443720008051291,4/10/21,4/11/21 9:21,4901.791,4904.88,3.09,
'10443720008051291,4/11/21,4/12/21 7:39,4904.88,4907.316,2.441,
'10443720008051291,4/12/21,4/13/21 7:43,4907.316,4910.251,2.937,
'10443720008051291,4/13/21,4/14/21 7:45,4910.251,4912.887,2.636,
'10443720008051291,4/14/21,4/15/21 8:34,4912.887,4915.999,3.116,
'10443720008051291,4/15/21,4/16/21 8:02,4915.999,4918.836,2.839,
'10443720008051291,4/16/21,4/17/21 7:40,4918.836,4921.729,2.892,
'10443720008051291,4/17/21,4/18/21 17:04,4921.729,4923.916,2.186,
'10443720008051291,4/18/21,4/19/21 7:31,4923.916,4926.738,2.824,
'10443720008051291,4/19/21,4/20/21 7:20,4926.738,4929.366,2.627,
'10443720008051291,4/20/21,4/21/21 7:18,4929.366,4932.27,2.904,
'10443720008051291,4/21/21,4/22/21 7:18,4932.27,4934.998,2.728,
'10443720008051291,4/22/21,4/23/21 7:18,4934.998,4937.704,2.707,
'10443720008051291,4/23/21,4/24/21 7:15,4937.704,4940.025,2.318,
'10443720008051291,4/24/21,4/25/21 8:16,4940.025,4942.791,2.765,
'10443720008051291,4/25/21,4/26/21 7:18,4942.791,4945.684,2.896,
'10443720008051291,4/26/21,4/27/21 7:19,4945.684,4948.584,2.901,
'10443720008051291,4/27/21,4/28/21 7:21,4948.584,4951.176,2.596,
'10443720008051291,4/28/21,4/29/21 7:20,4951.176,4954.982,3.807,
'10443720008051291,4/29/21,4/30/21 7:17,4954.982,4958.725,3.745,
'10443720008051291,4/30/21,5/1/21 7:16,4958.725,4963.575,4.852,
'10443720008051291,5/1/21,5/2/21 8:18,4963.575,4974.807,11.231,
'10443720008051291,5/2/21,5/3/21 7:19,4974.807,4992.729,17.923,
'10443720008051291,5/3/21,5/4/21 7:23,4992.729,5019.819,27.093,
'10443720008051291,5/4/21,5/5/21 7:21,5019.819,5031.212,11.393,
'10443720008051291,5/5/21,5/6/21 7:22,5031.212,5044.492,13.281,
'10443720008051291,5/6/21,5/7/21 7:21,5044.492,5065.027,20.532,
'10443720008051291,5/7/21,5/8/21 7:19,5065.027,5087.335,22.305,
'10443720008051291,5/8/21,5/9/21 8:20,5087.335,5107.617,20.277,
'10443720008051291,5/9/21,5/10/21 7:22,5107.617,5154.412,46.797,
'10443720008051291,5/10/21,5/11/21 7:23,5154.412,5177.161,22.752,
'10443720008051291,5/11/21,5/12/21 7:23,5177.161,5200.347,23.182,
'10443720008051291,5/12/21,5/13/21 7:26,5200.347,5219.623,19.275,
'10443720008051291,5/13/21,5/14/21 7:25,5219.623,5249.769,30.147,
'10443720008051291,5/14/21,5/15/21 7:23,5249.769,5266.369,16.602,
'10443720008051291,5/15/21,5/16/21 11:41,5266.369,5306.23,39.866,
'10443720008051291,5/16/21,5/17/21 7:30,5306.23,5347.815,41.586,
'10443720008051291,5/17/21,5/18/21 7:35,5347.815,5366.817,19.003,
'10443720008051291,5/18/21,5/19/21 7:32,5366.817,5381.31,14.492,
'10443720008051291,5/19/21,5/20/21 7:24,5381.31,5400.188,18.879,
'10443720008051291,5/20/21,5/21/21 7:28,5400.188,5416.032,15.84,
'10443720008051291,5/21/21,5/22/21 7:19,5416.032,5432.5,16.468,
'10443720008051291,5/22/21,5/23/21 15:09,5432.5,5447.727,15.224,
'10443720008051291,5/23/21,5/24/21 7:24,5447.727,5461.704,13.974,
'10443720008051291,5/24/21,5/25/21 7:24,5461.704,5473.902,12.197,
'10443720008051291,5/25/21,5/26/21 7:16,5473.902,5491.398,17.494,
'10443720008051291,5/26/21,5/27/21 7:17,5491.398,5513.116,21.718,
'10443720008051291,5/27/21,5/28/21 7:20,5513.116,5535.027,21.914,
'10443720008051291,5/28/21,5/29/21 7:17,5535.027,5552.875,17.847,
'10443720008051291,5/29/21,5/30/21 8:23,5552.875,5573.541,20.664,
'10443720008051291,5/30/21,5/31/21 7:17,5573.541,5586.429,12.889,
'10443720008051291,5/31/21,6/1/21 7:28,5586.429,5603.368,16.938,
'10443720008051291,6/1/21,6/2/21 7:25,5603.368,5613.516,10.149,
'10443720008051291,6/2/21,6/3/21 7:40,5613.516,5624.803,11.284,
'10443720008051291,6/3/21,6/4/21 7:36,5624.803,5636.538,11.735,
'10443720008051291,6/4/21,6/5/21 7:29,5636.538,5647.815,11.278,
'10443720008051291,6/5/21,6/6/21 8:27,5647.815,5666.364,18.551,
'10443720008051291,6/6/21,6/7/21 7:29,5666.364,5681.055,14.689,
'10443720008051291,6/7/21,6/8/21 7:30,5681.055,5695.282,14.234,
'10443720008051291,6/8/21,6/9/21 7:38,5695.282,5710.657,15.379,
'10443720008051291,6/9/21,6/10/21 7:37,5710.657,5735.326,24.671,
'10443720008051291,6/10/21,6/11/21 9:03,5735.326,5754.91,19.582,
'10443720008051291,6/11/21,6/12/21 7:24,5754.91,5782.892,27.984,
'10443720008051291,6/12/21,6/13/21 8:57,5782.892,5804.295,21.403,
'10443720008051291,6/13/21,6/14/21 7:25,5804.295,5836.729,32.435,
'10443720008051291,6/14/21,6/15/21 7:31,5836.729,5870.622,33.891,
'10443720008051291,6/15/21,6/16/21 7:33,5870.622,5893.009,22.387,
'10443720008051291,6/16/21,6/17/21 7:37,5893.009,5922.915,29.904,
'10443720008051291,6/17/21,6/18/21 7:30,5922.915,5946.23,23.311,
'10443720008051291,6/18/21,6/19/21 7:29,5946.23,5974.153,27.921,
'10443720008051291,6/19/21,6/20/21 8:27,5974.153,5995.256,21.103,
'10443720008051291,6/20/21,6/21/21 7:20,5995.256,6026.361,31.104,
'10443720008051291,6/21/21,6/22/21 8:16,6026.361,6050.724,24.366,
'10443720008051291,6/22/21,6/23/21 7:30,6050.724,6066.912,16.186,
'10443720008051291,6/23/21,6/24/21 7:31,6066.912,6090.342,23.426,
'10443720008051291,6/24/21,6/25/21 7:28,6090.342,6120.77,30.424,
'10443720008051291,6/25/21,6/26/21 7:24,6120.77,6152.378,31.611,
'10443720008051291,6/26/21,6/27/21 8:26,6152.378,6180.874,28.491,
'10443720008051291,6/27/21,6/28/21 7:26,6180.874,6204.706,23.83,
'10443720008051291,6/28/21,6/29/21 7:28,6204.706,6221.986,17.276,
'10443720008051291,6/29/21,6/30/21 7:30,6221.986,6238.504,16.518,
'10443720008051291,6/30/21,7/1/21 7:31,6238.504,6254.588,16.08,
'10443720008051291,7/1/21,7/2/21 7:25,6254.588,6281.089,26.494,
'10443720008051291,7/2/21,7/3/21 7:23,6281.089,6288.141,7.051,
'10443720008051291,7/3/21,7/4/21 8:28,6288.141,6294.433,6.283,
'10443720008051291,7/4/21,7/5/21 7:23,6294.433,6319.731,25.295,
'10443720008051291,7/5/21,7/6/21 7:24,6319.731,6344.823,25.094,
'10443720008051291,7/6/21,7/7/21 7:24,6344.823,6365.749,20.922,
'10443720008051291,7/7/21,7/8/21 7:50,6365.749,6384.602,18.848,
'10443720008051291,7/8/21,7/9/21 7:30,6384.602,6400.572,15.963,
'10443720008051291,7/9/21,7/10/21 7:25,6400.572,6412.576,12.005,
'10443720008051291,7/10/21,7/11/21 9:49,6412.576,6424.352,11.772,
'10443720008051291,7/11/21,7/12/21 7:29,6424.352,6459.465,35.112,
'10443720008051291,7/12/21,7/13/21 8:08,6459.465,6487.142,27.678,
'10443720008051291,7/13/21,7/14/21 7:41,6487.142,6523.452,36.318,
'10443720008051291,7/14/21,7/15/21 8:36,6523.452,6539.36,15.911,
'10443720008051291,7/15/21,7/16/21 8:11,6539.36,6564.832,25.474,
'10443720008051291,7/16/21,7/17/21 7:27,6564.832,6591.913,27.081,
'10443720008051291,7/17/21,7/18/21 9:23,6591.913,6615.222,23.308,
'10443720008051291,7/18/21,7/19/21 7:35,6615.222,6645.405,30.18,
'10443720008051291,7/19/21,7/20/21 7:25,6645.405,6667.255,21.845,
'10443720008051291,7/20/21,7/21/21 7:33,6667.255,6684.704,17.45,
'10443720008051291,7/21/21,7/22/21 7:31,6684.704,6702.8,18.093,
'10443720008051291,7/22/21,7/23/21 7:35,6702.8,6721.461,18.661,
'10443720008051291,7/23/21,7/24/21 7:32,6721.461,6745.972,24.507,
'10443720008051291,7/24/21,7/25/21 9:00,6745.972,6771.735,25.765,
'10443720008051291,7/25/21,7/26/21 7:27,6771.735,6804.619,32.889,
'10443720008051291,7/26/21,7/27/21 7:37,6804.619,6840.979,36.356,
'10443720008051291,7/27/21,7/28/21 7:30,6840.979,6874.508,33.529,
'10443720008051291,7/28/21,7/29/21 7:24,6874.508,6895.819,21.309,
'10443720008051291,7/29/21,7/30/21 7:25,6895.819,6920.694,24.873,
'10443720008051291,7/30/21,7/31/21 7:27,6920.694,6946.636,25.942,
'10443720008051291,7/31/21,8/1/21 9:51,6946.636,6977.964,31.329,
'10443720008051291,8/1/21,8/2/21 7:46,6977.964,7007.727,29.761,
'10443720008051291,8/2/21,8/3/21 7:28,7007.727,7028.313,20.585,
'10443720008051291,8/3/21,8/4/21 7:32,7028.313,7042.952,14.642,
'10443720008051291,8/4/21,8/5/21 7:34,7042.952,7061.788,18.836,
'10443720008051291,8/5/21,8/6/21 7:56,7061.788,7078.353,16.566,
'10443720008051291,8/6/21,8/7/21 7:31,7078.353,7103.208,24.853,
'10443720008051291,8/7/21,8/8/21 8:38,7103.208,7110.313,7.105,
'10443720008051291,8/8/21,8/9/21 7:32,7110.313,7131.302,20.988,
'10443720008051291,8/9/21,8/10/21 7:37,7131.302,7164.14,32.837,
'10443720008051291,8/10/21,8/11/21 7:44,7164.14,7184.193,20.052,
'10443720008051291,8/11/21,8/12/21 7:35,7184.193,7207.88,23.686,
'10443720008051291,8/12/21,8/13/21 7:43,7207.88,7232.344,24.458,
'10443720008051291,8/13/21,8/14/21 7:29,7232.344,7255.912,23.565,
'10443720008051291,8/14/21,8/15/21 8:34,7255.912,7279.491,23.58,
'10443720008051291,8/15/21,8/16/21 7:36,7279.491,7304.284,24.794,
'10443720008051291,8/16/21,8/17/21 8:11,7304.284,7317.063,12.782,
'10443720008051291,8/17/21,8/18/21 7:40,7317.063,7337.034,19.971,
'10443720008051291,8/18/21,8/19/21 7:46,7337.034,7351.558,14.524,
'10443720008051291,8/19/21,8/20/21 7:37,7351.558,7367.468,15.908,
'10443720008051291,8/20/21,8/21/21 7:42,7367.468,7397.702,30.236,
'10443720008051291,8/21/21,8/22/21 17:25,7397.702,7425.661,27.96,
'10443720008051291,8/22/21,8/23/21 8:07,7425.661,7456.46,30.802,
'10443720008051291,8/23/21,8/24/21 7:39,7456.46,7484.37,27.91,
'10443720008051291,8/24/21,8/25/21 8:08,7484.37,7510.208,25.842,
'10443720008051291,8/25/21,8/26/21 7:35,7510.208,7533.736,23.528,
'10443720008051291,8/26/21,8/27/21 7:47,7533.736,7557.139,23.405,
'10443720008051291,8/27/21,8/28/21 7:19,7557.139,7586.778,29.632,
'10443720008051291,8/28/21,8/29/21 8:19,7586.778,7613.139,26.358,
'10443720008051291,8/29/21,8/30/21 7:15,7613.139,7641.703,28.56,
'10443720008051291,8/30/21,8/31/21 7:22,7641.703,7667.286,25.582,
'10443720008051291,8/31/21,9/1/21 7:21,7667.286,7688.452,21.166,
'10443720008051291,9/1/21,9/2/21 7:27,7688.452,7714.255,25.803,
'10443720008051291,9/2/21,9/3/21 7:52,7714.255,7740.799,26.543,
'10443720008051291,9/3/21,9/4/21 10:11,7740.799,7768.852,28.055,
'10443720008051291,9/4/21,9/5/21 8:22,7768.852,7797.64,28.781,
'10443720008051291,9/5/21,9/6/21 7:32,7797.64,7824.53,26.892,
'10443720008051291,9/6/21,9/7/21 8:11,7824.53,7848.172,23.641,
'10443720008051291,9/7/21,9/8/21 7:35,7848.172,7865.778,17.607,
'10443720008051291,9/8/21,9/9/21 7:46,7865.778,7880.289,14.509,
'10443720008051291,9/9/21,9/10/21 7:42,7880.289,7895.222,14.933,
'10443720008051291,9/10/21,9/11/21 7:39,7895.222,7916.848,21.629,
'10443720008051291,9/11/21,9/12/21 8:44,7916.848,7934.644,17.793,
'10443720008051291,9/12/21,9/13/21 7:38,7934.644,7948.653,14.013,
'10443720008051291,9/13/21,9/14/21 7:44,7948.653,7964.32,15.669,
'10443720008051291,9/14/21,9/15/21 7:48,7964.32,7981.861,17.541,
'10443720008051291,9/15/21,9/16/21 7:45,7981.861,7994.103,12.24,
'10443720008051291,9/16/21,9/17/21 7:32,7994.103,8019.29,25.189,
'10443720008051291,9/17/21,9/18/21 7:50,8019.29,8030.617,11.327,
'10443720008051291,9/18/21,9/19/21 11:18,8030.617,8036.799,6.175,
'10443720008051291,9/19/21,9/20/21 7:37,8036.799,8043.942,7.137,
'10443720008051291,9/20/21,9/21/21 7:46,8043.942,8051.979,8.028,
'10443720008051291,9/21/21,9/22/21 7:39,8051.979,8057.887,5.901,
'10443720008051291,9/22/21,9/23/21 7:40,8057.887,8080.17,22.279,
'10443720008051291,9/23/21,9/24/21 7:39,8080.17,8091.422,11.255,
'10443720008051291,9/24/21,9/25/21 7:29,8091.422,8101.234,9.804,
'10443720008051291,9/25/21,9/26/21 8:39,8101.234,8123.575,22.345,
'10443720008051291,9/26/21,9/27/21 7:49,8123.575,8140.069,16.499,
'10443720008051291,9/27/21,9/28/21 8:38,8140.069,8155.536,15.466,
'10443720008051291,9/28/21,9/29/21 7:34,8155.536,8176.704,21.163,
'10443720008051291,9/29/21,9/30/21 7:37,8176.704,8193.133,16.43,
'10443720008051291,9/30/21,10/1/21 8:04,8193.133,8206.05,12.913,
'10443720008051291,10/1/21,10/2/21 7:37,8206.05,8218.875,12.822,
'10443720008051291,10/2/21,10/3/21 8:45,8218.875,8237.599,18.727,
'10443720008051291,10/3/21,10/4/21 7:36,8237.599,8253.944,16.341,
'10443720008051291,10/4/21,10/5/21 7:37,8253.944,8267.419,13.47,
'10443720008051291,10/5/21,10/6/21 7:44,8267.419,8277.121,9.706,
'10443720008051291,10/6/21,10/7/21 7:41,8277.121,8285.893,8.783,
'10443720008051291,10/7/21,10/8/21 7:54,8285.893,8298.685,12.792,
'10443720008051291,10/8/21,10/9/21 7:31,8298.685,8314.206,15.519,
'10443720008051291,10/9/21,10/10/21 8:46,8314.206,8327.52,13.313,
'10443720008051291,10/10/21,10/11/21 7:39,8327.52,8340.897,13.375,
'10443720008051291,10/11/21,10/12/21 7:50,8340.897,8352.98,12.083,
'10443720008051291,10/12/21,10/13/21 7:39,8352.98,8365.843,12.867,
'10443720008051291,10/13/21,10/14/21 8:07,8365.843,8376.962,11.123,
'10443720008051291,10/14/21,10/15/21 7:56,8376.962,8387.379,10.415,
'10443720008051291,10/15/21,10/16/21 7:57,8387.379,8403.662,16.279,
'10443720008051291,10/16/21,10/17/21 8:53,8403.662,8413.194,9.531,
'10443720008051291,10/17/21,10/18/21 7:39,8413.194,8419.928,6.739,
'10443720008051291,10/18/21,10/19/21 7:43,8419.928,8428.38,8.454,
'10443720008051291,10/19/21,10/20/21 7:43,8428.38,8440.404,12.024,
'10443720008051291,10/20/21,10/21/21 7:36,8440.404,8455.916,15.509,
'10443720008051291,10/21/21,10/22/21 7:32,8455.916,8469.178,13.262,
'10443720008051291,10/22/21,10/23/21 7:24,8469.178,8481.751,12.573,
'10443720008051291,10/23/21,10/24/21 8:50,8481.751,8490.684,8.935,
'10443720008051291,10/24/21,10/25/21 7:45,8490.684,8514.435,23.755,
'10443720008051291,10/25/21,10/26/21 7:58,8514.435,8531.577,17.143,
'10443720008051291,10/26/21,10/27/21 7:36,8531.577,8546.18,14.603,
'10443720008051291,10/27/21,10/28/21 7:29,8546.18,8553.295,7.113,
'10443720008051291,10/28/21,10/29/21 7:28,8553.295,8566.526,13.225,
'10443720008051291,10/29/21,10/30/21 7:31,8566.526,8574.71,8.189,
'10443720008051291,10/30/21,10/31/21 8:39,8574.71,8589.081,14.363,
'10443720008051291,10/31/21,11/1/21 7:31,8589.081,8609.553,20.474,
'10443720008051291,11/1/21,11/2/21 7:33,8609.553,8618.557,9.009,
'10443720008051291,11/2/21,11/3/21 7:31,8618.557,8632.114,13.558,
'10443720008051291,11/3/21,11/4/21 7:46,8632.114,8646.932,14.824,
'10443720008051291,11/4/21,11/5/21 7:31,8646.932,8681.145,34.21,
'10443720008051291,11/5/21,11/6/21 7:25,8681.145,8710.935,29.787,
'10443720008051291,11/6/21,11/7/21 13:02,8710.935,8720.313,9.371,
'10443720008051291,11/7/21,11/8/21 10:46,8720.313,8737.698,17.384,
'10443720008051291,11/8/21,11/9/21 8:58,8737.698,8758.222,20.525,
'10443720008051291,11/9/21,11/10/21 7:32,8758.222,8771.887,13.663,
'10443720008051291,11/10/21,11/11/21 7:31,8771.887,8781.218,9.325,
'10443720008051291,11/11/21,11/12/21 7:49,8781.218,8791.593,10.373,
'10443720008051291,11/12/21,11/13/21 7:27,8791.593,8807.902,16.306,
'10443720008051291,11/13/21,11/14/21 14:13,8807.902,8835.012,27.1,
'10443720008051291,11/14/21,11/15/21 6:37,8835.012,8853.477,18.463,
'10443720008051291,11/15/21,11/16/21 6:42,8853.477,8873.77,20.294,
'10443720008051291,11/16/21,11/17/21 7:12,8873.77,8880.716,6.94,
'10443720008051291,11/17/21,11/18/21 6:40,8880.716,8895.938,15.217,
'10443720008051291,11/18/21,11/19/21 6:39,8895.938,8908.238,12.296,
'10443720008051291,11/19/21,11/21/21 16:45,8908.238,8923.322,15.088,
'10443720008051291,11/20/21,11/21/21 16:42,8923.322,8926.874,3.547,
'10443720008051291,11/21/21,11/22/21 6:36,8926.874,8930.679,3.807,
'10443720008051291,11/22/21,11/23/21 6:37,8930.679,8934.741,4.062,
'10443720008051291,11/23/21,11/24/21 6:44,8934.741,8938.435,3.695,
'10443720008051291,11/24/21,11/25/21 6:44,8938.435,8942.473,4.037,
'10443720008051291,11/25/21,11/27/21 6:34,8942.473,8946.21,3.738,
'10443720008051291,11/26/21,11/27/21 6:33,8946.21,8950.086,3.881,
'10443720008051291,11/27/21,11/28/21 7:25,8950.086,8953.618,3.533,
'10443720008051291,11/28/21,11/29/21 6:40,8953.618,8957.488,3.873,
'10443720008051291,11/29/21,11/30/21 6:38,8957.488,8961.498,4.012,
'10443720008051291,11/30/21,12/1/21 6:40,8961.498,9002.995,41.504,
'10443720008051291,12/1/21,12/2/21 6:42,9002.995,9020.538,17.542,
'10443720008051291,12/2/21,12/3/21 6:39,9020.538,9040.466,19.931,
'10443720008051291,12/3/21,12/4/21 6:37,9040.466,9051.062,10.601,
'10443720008051291,12/4/21,12/5/21 9:04,9051.062,9066.294,15.229,
'10443720008051291,12/5/21,12/6/21 6:38,9066.294,9077.515,11.222,
'10443720008051291,12/6/21,12/7/21 6:41,9077.515,9094.974,17.459,
'10443720008051291,12/7/21,12/8/21 6:40,9094.974,9133.077,38.102,
'10443720008051291,12/8/21,12/9/21 6:41,9133.077,9160.236,27.156,
'10443720008051291,12/9/21,12/10/21 6:39,9160.236,9184.118,23.882,
'10443720008051291,12/10/21,12/11/21 6:38,9184.118,9195.96,11.839,
'10443720008051291,12/11/21,12/12/21 10:31,9195.96,9230.845,34.886,
'10443720008051291,12/12/21,12/13/21 6:38,9230.845,9276.46,45.616,
'10443720008051291,12/13/21,12/14/21 7:25,9276.46,9309.13,32.67,
'10443720008051291,12/14/21,12/15/21 7:05,9309.13,9324.561,15.433,
'10443720008051291,12/15/21,12/16/21 6:38,9324.561,9335.8,11.242,
'10443720008051291,12/16/21,12/17/21 7:13,9335.8,9345.144,9.343,
'10443720008051291,12/17/21,12/18/21 6:37,9345.144,9348.607,3.466,
'10443720008051291,12/18/21,12/19/21 7:27,9348.607,9352.254,3.646,
'10443720008051291,12/19/21,12/20/21 6:37,9352.254,9355.803,3.555,
'10443720008051291,12/20/21,12/21/21 6:37,9355.803,9359.478,3.676,
'10443720008051291,12/21/21,12/22/21 6:38,9359.478,9362.557,3.08,
'10443720008051291,12/22/21,12/23/21 6:38,9362.557,9366.3,3.746,
'10443720008051291,12/23/21,12/24/21 6:36,9366.3,9369.927,3.626,
'10443720008051291,12/24/21,12/25/21 6:35,9369.927,9373.557,3.635,
'10443720008051291,12/25/21,12/26/21 7:21,9373.557,9377.086,3.527,
'10443720008051291,12/26/21,12/27/21 6:46,9377.086,9380.742,3.656,
'10443720008051291,12/27/21,12/28/21 6:40,9380.742,9384.436,3.694,
'10443720008051291,12/28/21,12/29/21 6:40,9384.436,9387.991,3.556,
'10443720008051291,12/29/21,12/30/21 6:39,9387.991,9392.167,4.18,
'10443720008051291,12/30/21,12/31/21 6:38,9392.167,9395.832,3.664,
'10443720008051291,12/31/21,1/1/22 6:36,9395.832,9399.212,3.385,
'10443720008051291,1/1/22,1/2/22 7:26,9399.212,9402.814,3.606,
'10443720008051291,1/2/22,1/3/22 6:36,9402.814,9428.012,25.201,
'10443720008051291,1/3/22,1/4/22 6:41,9428.012,9446.937,18.918,
'10443720008051291,1/4/22,1/5/22 6:39,9446.937,9457.036,10.091,
'10443720008051291,1/5/22,1/6/22 6:53,9457.036,9461.307,4.277,
'10443720008051291,1/6/22,1/7/22 6:40,9461.307,9465.007,3.703,
'10443720008051291,1/7/22,1/8/22 6:36,9465.007,9482.067,17.051,
'10443720008051291,1/8/22,1/9/22 7:23,9482.067,9487.4,5.343,
'10443720008051291,1/9/22,1/10/22 6:34,9487.4,9490.758,3.357,
'10443720008051291,1/10/22,1/11/22 6:39,9490.758,9552.978,62.222,
'10443720008051291,1/11/22,1/12/22 6:44,9552.978,9608.112,55.137,
'10443720008051291,1/12/22,1/13/22 6:50,9608.112,9648.668,40.557,
'10443720008051291,1/13/22,1/14/22 6:59,9648.668,9668.14,19.466,
'10443720008051291,1/14/22,1/15/22 6:37,9668.14,9697.9,29.761,
'10443720008051291,1/15/22,1/16/22 7:31,9697.9,9758.792,60.887,
'10443720008051291,1/16/22,1/17/22 6:36,9758.792,9858.573,99.777,
'10443720008051291,1/17/22,1/18/22 6:41,9858.573,9898.164,39.59,
'10443720008051291,1/18/22,1/19/22 7:09,9898.164,9930.638,32.479,
'10443720008051291,1/19/22,1/20/22 6:38,9930.638,9960.397,29.76,
'10443720008051291,1/20/22,1/21/22 6:38,9960.397,10041.417,81.012,
'10443720008051291,1/21/22,1/25/22 6:44,10041.417,10130.157,88.743,
'10443720008051291,1/22/22,1/26/22 6:43,10130.157,10200.481,70.319,
'10443720008051291,1/23/22,1/24/22 6:37,10200.481,10256.048,55.568,
'10443720008051291,1/24/22,1/25/22 6:42,10256.048,10300.347,44.302,
'10443720008051291,1/25/22,1/26/22 6:41,10300.347,10355.124,54.772,
'10443720008051291,1/26/22,1/27/22 6:37,10355.124,10413.381,58.255,
'10443720008051291,1/27/22,1/28/22 6:35,10413.381,10455.631,42.254,
'10443720008051291,1/28/22,1/29/22 6:33,10455.631,10518.98,63.348,
'10443720008051291,1/29/22,1/30/22 7:25,10518.98,10569.92,50.946,
'10443720008051291,1/30/22,1/31/22 6:40,10569.92,10601.581,31.662,
'10443720008051291,1/31/22,2/1/22 6:39,10601.581,10623.22,21.636,
'10443720008051291,2/1/22,2/2/22 6:38,10623.22,10637.834,14.612,
'10443720008051291,2/2/22,2/3/22 7:07,10637.834,10667.042,29.205,
'10443720008051291,2/3/22,2/4/22 6:42,10667.042,10749.823,82.784,
'10443720008051291,2/4/22,2/5/22 6:39,10749.823,10838.59,88.767,
'10443720008051291,2/5/22,2/6/22 7:26,10838.59,10905.694,67.105,
'10443720008051291,2/6/22,2/7/22 6:40,10905.694,10979.923,74.23,
'10443720008051291,2/7/22,2/8/22 6:41,10979.923,11028.823,48.903,
'10443720008051291,2/8/22,2/9/22 6:39,11028.823,11052.298,23.476,
'10443720008051291,2/9/22,2/10/22 6:40,11052.298,11076.542,24.236,
'10443720008051291,2/10/22,2/11/22 6:39,11076.542,11099.221,22.687,
'10443720008051291,2/11/22,2/12/22 6:39,11099.221,11126.623,27.4,
'10443720008051291,2/12/22,2/13/22 7:28,11126.623,11165.577,38.961,
'10443720008051291,2/13/22,2/14/22 6:38,11165.577,11207.698,42.123,
'10443720008051291,2/14/22,2/15/22 6:57,11207.698,11256.267,48.57,
'10443720008051291,2/15/22,2/16/22 6:38,11256.267,11281.252,24.978,
'10443720008051291,2/16/22,2/17/22 6:36,11281.252,11298.213,16.963,
'10443720008051291,2/17/22,2/18/22 6:39,11298.213,11331.24,33.028,
'10443720008051291,2/18/22,2/19/22 6:36,11331.24,11398.084,66.842,
'10443720008051291,2/19/22,2/20/22 6:59,11398.084,11453.382,55.304,
'10443720008051291,2/20/22,2/21/22 6:17,11453.382,11460.976,7.596,
'10443720008051291,2/21/22,2/22/22 6:43,11460.976,11488,27.026,
'10443720008051291,2/22/22,2/23/22 6:18,11488,11511.574,23.565,
'10443720008051291,2/23/22,2/24/22 6:17,11511.574,11603.496,91.916,
'10443720008051291,2/24/22,2/25/22 6:17,11603.496,11702.822,99.33,
'10443720008051291,2/25/22,2/26/22 6:14,11702.822,11780.978,78.157,
'10443720008051291,2/26/22,2/27/22 6:52,11780.978,11840.956,59.978,
'10443720008051291,2/27/22,2/28/22 6:15,11840.956,11886.182,45.233,
'10443720008051291,2/28/22,3/1/22 6:17,11886.182,11929.849,43.674,
'10443720008051291,3/1/22,3/2/22 6:17,11929.849,11957.547,27.695,
'10443720008051291,3/2/22,3/3/22 6:17,11957.547,11972.364,14.816,
'10443720008051291,3/3/22,3/4/22 6:16,11972.364,11986.47,14.104,
'10443720008051291,3/4/22,3/5/22 6:15,11986.47,11998.029,11.556,
'10443720008051291,3/5/22,3/7/22 6:15,11998.029,12008.49,10.457,
'10443720008051291,3/6/22,3/7/22 6:14,12008.49,12018.133,9.643,
'10443720008051291,3/7/22,3/8/22 6:15,12018.133,12064.89,46.756,
'10443720008051291,3/8/22,3/9/22 6:17,12064.89,12101.972,37.083,
'10443720008051291,3/9/22,3/10/22 6:17,12101.972,12141.972,39.991,
'10443720008051291,3/10/22,3/11/22 6:16,12141.972,12167.072,25.096,
'10443720008051291,3/11/22,3/12/22 6:14,12167.072,12220.072,53.067,
'10443720008051291,3/12/22,3/13/22 8:45,12220.072,12288.718,68.583,
'10443720008051291,3/13/22,3/14/22 8:37,12288.718,12313.944,25.22,
'10443720008051291,3/14/22,3/15/22 8:27,12313.944,12326.997,13.058,
'10443720008051291,3/15/22,3/17/22 6:42,12326.997,12344.742,17.751,
'10443720008051291,3/16/22,3/17/22 6:41,12344.742,12352.105,7.373,
'10443720008051291,3/17/22,3/18/22 6:18,12352.105,12356.842,4.748,
'10443720008051291,3/18/22,3/19/22 6:18,12356.842,12361.586,4.757,
'10443720008051291,3/19/22,3/20/22 6:52,12361.586,12374.959,13.381,
'10443720008051291,3/20/22,3/21/22 6:15,12374.959,12379.737,4.786,
'10443720008051291,3/21/22,3/22/22 6:18,12379.737,12384.403,4.674,
'10443720008051291,3/22/22,3/23/22 6:51,12384.403,12418.561,34.158,
'10443720008051291,3/23/22,3/24/22 6:43,12418.561,12445.948,27.38,
'10443720008051291,3/24/22,3/25/22 6:19,12445.948,12469.538,23.584,
'10443720008051291,3/25/22,3/26/22 6:17,12469.538,12484.011,14.481,
'10443720008051291,3/26/22,3/27/22 10:58,12484.011,12497.587,13.577,
'10443720008051291,3/27/22,3/28/22 6:16,12497.587,12507.908,10.319,
'10443720008051291,3/28/22,3/29/22 6:25,12507.908,12513.948,6.042,
'10443720008051291,3/29/22,3/30/22 6:23,12513.948,12521.86,7.913,
'10443720008051291,3/30/22,3/31/22 6:20,12521.86,12532.206,10.344,
'10443720008051291,3/31/22,4/1/22 6:35,12532.206,12538.666,6.458,
'10443720008051291,4/1/22,4/2/22 6:22,12538.666,12552.883,14.22,
'10443720008051291,4/2/22,4/3/22 7:03,12552.883,12565.006,12.125,
'10443720008051291,4/3/22,4/4/22 6:26,12565.006,12579.228,14.224,
'10443720008051291,4/4/22,4/5/22 7:01,12579.228,12595.543,16.311,
'10443720008051291,4/5/22,4/6/22 6:26,12595.543,12606.23,10.683,
'10443720008051291,4/6/22,4/7/22 6:23,12606.23,12619.76,13.525,
'10443720008051291,4/7/22,4/8/22 6:24,12619.76,12627.49,7.726,
'10443720008051291,4/8/22,4/9/22 6:25,12627.49,12640.291,12.803,
'10443720008051291,4/9/22,4/10/22 7:01,12640.291,12655.31,15.016,
'10443720008051291,4/10/22,4/11/22 6:31,12655.31,12666.504,11.195,
'10443720008051291,4/11/22,4/12/22 6:32,12666.504,12676.924,10.424,
'10443720008051291,4/12/22,4/13/22 6:40,12676.924,12688.575,11.646,
'10443720008051291,4/13/22,4/14/22 6:39,12688.575,12741.324,52.747,
'10443720008051291,4/14/22,4/15/22 6:35,12741.324,12763.382,22.059,
'10443720008051291,4/15/22,4/16/22 6:34,12763.382,12776.697,13.321,
'10443720008051291,4/16/22,4/17/22 7:06,12776.697,12815.529,38.835,
'10443720008051291,4/17/22,4/21/22 6:43,12815.529,12850.84,35.311,
'10443720008051291,4/18/22,4/19/22 6:34,12850.84,12867.74,16.898,
'10443720008051291,4/19/22,4/20/22 6:42,12867.74,12879.536,11.791,
'10443720008051291,4/20/22,4/21/22 6:42,12879.536,12888.402,8.863,
'10443720008051291,4/21/22,4/22/22 6:34,12888.402,12901.352,12.945,
'10443720008051291,4/22/22,4/23/22 6:33,12901.352,12928.905,27.545,
'10443720008051291,4/23/22,4/24/22 7:03,12928.905,12937.309,8.401,
'10443720008051291,4/24/22,4/25/22 6:59,12937.309,12951.301,13.991,
'10443720008051291,4/25/22,4/26/22 6:17,12951.301,12965.067,13.765,
'10443720008051291,4/26/22,4/27/22 6:22,12965.067,12977.212,12.138,
'10443720008051291,4/27/22,4/28/22 6:18,12977.212,12986.95,9.737,
'10443720008051291,4/28/22,4/29/22 6:21,12986.95,12999.859,12.901,
'10443720008051291,4/29/22,4/30/22 6:25,12999.859,13024.358,24.5,
'10443720008051291,4/30/22,5/1/22 10:59,13024.358,13032.951,8.593,
'10443720008051291,5/1/22,5/2/22 6:50,13032.951,13045.408,12.458,
'10443720008051291,5/2/22,5/3/22 6:58,13045.408,13068.62,23.211,
'10443720008051291,5/3/22,5/4/22 6:32,13068.62,13081.243,12.628,
'10443720008051291,5/4/22,5/5/22 6:19,13081.243,13097.042,15.794,
'10443720008051291,5/5/22,5/6/22 6:21,13097.042,13110.241,13.189,
'10443720008051291,5/6/22,5/7/22 6:20,13110.241,13125.234,14.993,
'10443720008051291,5/7/22,5/8/22 6:54,13125.234,13135.135,9.903,
'10443720008051291,5/8/22,5/9/22 6:50,13135.135,13162.689,27.549,
'10443720008051291,5/9/22,5/10/22 6:29,13162.689,13197.218,34.529,
'10443720008051291,5/10/22,5/11/22 6:26,13197.218,13219.003,21.785,
'10443720008051291,5/11/22,5/12/22 6:31,13219.003,13237.518,18.513,
'10443720008051291,5/12/22,5/13/22 6:24,13237.518,13257.76,20.24,
'10443720008051291,5/13/22,5/14/22 6:27,13257.76,13286.096,28.331,
'10443720008051291,5/14/22,5/15/22 6:59,13286.096,13311.564,25.464,
'10443720008051291,5/15/22,5/16/22 6:31,13311.564,13339.776,28.206,
'10443720008051291,5/16/22,5/17/22 6:29,13339.776,13363.395,23.618,
'10443720008051291,5/17/22,5/18/22 6:30,13363.395,13378.256,14.86,
'10443720008051291,5/18/22,5/19/22 6:35,13378.256,13399.01,20.754,
'10443720008051291,5/19/22,5/20/22 6:32,13399.01,13425.314,26.304,
'10443720008051291,5/20/22,5/21/22 6:30,13425.314,13453.215,27.9,
'10443720008051291,5/21/22,5/22/22 7:03,13453.215,13484.38,31.165,
'10443720008051291,5/22/22,5/23/22 6:24,13484.38,13498.898,14.526,
'10443720008051291,5/23/22,5/24/22 7:50,13498.898,13510.45,11.55,
'10443720008051291,5/24/22,5/25/22 7:05,13510.45,13520.844,10.393,
'10443720008051291,5/25/22,5/26/22 6:26,13520.844,13531.7,10.853,
'10443720008051291,5/26/22,5/27/22 6:25,13531.7,13540.382,8.676,
'10443720008051291,5/27/22,5/28/22 6:24,13540.382,13561.351,20.971,
'10443720008051291,5/28/22,5/29/22 7:01,13561.351,13574.506,13.155,
'10443720008051291,5/29/22,5/30/22 6:27,13574.506,13583.722,9.213,
'10443720008051291,5/30/22,5/31/22 6:32,13583.722,13604.97,21.249,
'10443720008051291,5/31/22,6/1/22 6:34,13604.97,13632.078,27.108,
'10443720008051291,6/1/22,6/2/22 6:39,13632.078,13653.664,21.588,
'10443720008051291,6/2/22,6/3/22 6:39,13653.664,13671.637,17.973,
'10443720008051291,6/3/22,6/4/22 6:34,13671.637,13686.157,14.519,
'10443720008051291,6/4/22,6/5/22 9:26,13686.157,13702.225,16.07,
'10443720008051291,6/5/22,6/6/22 6:34,13702.225,13747.49,45.267,
'10443720008051291,6/6/22,6/7/22 6:25,13747.49,13774.738,27.25,
'10443720008051291,6/7/22,6/8/22 6:21,13774.738,13797.236,22.494,
'10443720008051291,6/8/22,6/9/22 6:20,13797.236,13815.67,18.43,
'10443720008051291,6/9/22,6/10/22 7:06,13815.67,13842.54,26.866,
'10443720008051291,6/10/22,6/11/22 7:04,13842.54,13880.281,37.74,
'10443720008051291,6/11/22,6/15/22 6:46,13880.281,13917.792,37.514,
'10443720008051291,6/12/22,6/13/22 6:47,13917.792,13958.169,40.374,
'10443720008051291,6/13/22,6/14/22 6:45,13958.169,13998.828,40.655,
'10443720008051291,6/14/22,6/15/22 6:45,13998.828,14018.184,19.355,
'10443720008051291,6/15/22,6/16/22 6:48,14018.184,14032.41,14.23,
'10443720008051291,6/16/22,6/17/22 6:54,14032.41,14049.81,17.402,
'10443720008051291,6/17/22,6/18/22 6:53,14049.81,14066.595,16.785,
'10443720008051291,6/18/22,6/19/22 7:21,14066.595,14082.759,16.165,
'10443720008051291,6/19/22,6/20/22 6:53,14082.759,14098.648,15.889,
'10443720008051291,6/20/22,6/21/22 6:57,14098.648,14116.059,17.41,
'10443720008051291,6/21/22,6/22/22 7:00,14116.059,14151.871,35.808,
'10443720008051291,6/22/22,6/23/22 6:53,14151.871,14183.372,31.504,
'10443720008051291,6/23/22,6/24/22 6:53,14183.372,14213.822,30.449,
'10443720008051291,6/24/22,6/25/22 6:55,14213.822,14247.802,33.983,
'10443720008051291,6/25/22,6/26/22 7:14,14247.802,14282.914,35.109,
'10443720008051291,6/26/22,6/27/22 7:54,14282.914,14325.525,42.616,
'10443720008051291,6/27/22,6/28/22 6:42,14325.525,14362.538,37.012,
'10443720008051291,6/28/22,6/29/22 6:43,14362.538,14381.425,18.887,
'10443720008051291,6/29/22,6/30/22 6:42,14381.425,14395.742,14.318,
'10443720008051291,6/30/22,7/1/22 6:42,14395.742,14406.812,11.071,
'10443720008051291,7/1/22,7/2/22 6:39,14406.812,14421.078,14.266,
'10443720008051291,7/2/22,7/3/22 7:10,14421.078,14435.578,14.501,
'10443720008051291,7/3/22,7/4/22 6:39,14435.578,14450.96,15.382,
'10443720008051291,7/4/22,7/5/22 6:39,14450.96,14468.896,17.94,
'10443720008051291,7/5/22,7/6/22 6:43,14468.896,14481.267,12.37,
'10443720008051291,7/6/22,7/7/22 6:43,14481.267,14494.974,13.705,
'10443720008051291,7/7/22,7/8/22 6:50,14494.974,14508.258,13.286,
'10443720008051291,7/8/22,7/9/22 6:51,14508.258,14521.602,13.343,
'10443720008051291,7/9/22,7/10/22 7:10,14521.602,14535.534,13.929,
'10443720008051291,7/10/22,7/11/22 6:43,14535.534,14574.428,38.898,
'10443720008051291,7/11/22,7/12/22 6:44,14574.428,14622.799,48.371,
'10443720008051291,7/12/22,7/13/22 6:42,14622.799,14659.8,36.994,
'10443720008051291,7/13/22,7/14/22 6:42,14659.8,14692.873,33.072,
'10443720008051291,7/14/22,7/15/22 6:58,14692.873,14722.264,29.399,
'10443720008051291,7/15/22,7/16/22 6:42,14722.264,14750.614,28.35,
'10443720008051291,7/16/22,7/17/22 7:13,14750.614,14784.05,33.438,
'10443720008051291,7/17/22,7/18/22 6:43,14784.05,14823.096,39.05,
'10443720008051291,7/18/22,7/19/22 6:44,14823.096,14867.498,44.406,
'10443720008051291,7/19/22,7/20/22 6:43,14867.498,14897.947,30.448,
'10443720008051291,7/20/22,7/21/22 6:45,14897.947,14933.488,35.54,
'10443720008051291,7/21/22,7/22/22 6:49,14933.488,14966.064,32.578,
'10443720008051291,7/22/22,7/23/22 11:33,14966.064,14999.048,32.984,
'10443720008051291,7/23/22,7/24/22 7:36,14999.048,15027.121,28.07,
'10443720008051291,7/24/22,7/25/22 7:00,15027.121,15064.408,37.284,
'10443720008051291,7/25/22,7/26/22 6:47,15064.408,15107.793,43.386,
'10443720008051291,7/26/22,7/27/22 6:47,15107.793,15138.22,30.427,
'10443720008051291,7/27/22,7/28/22 6:47,15138.22,15171.999,33.779,
'10443720008051291,7/28/22,7/29/22 6:45,15171.999,15194.962,22.96,
'10443720008051291,7/29/22,7/30/22 6:45,15194.962,15210.904,15.94,
'10443720008051291,7/30/22,7/31/22 7:16,15210.904,15224.937,14.029,
'10443720008051291,7/31/22,8/1/22 6:46,15224.937,15243.344,18.406,
'10443720008051291,8/1/22,8/2/22 8:33,15243.344,15262.644,19.292,
'10443720008051291,8/2/22,8/3/22 6:55,15262.644,15289.795,27.151,
'10443720008051291,8/3/22,8/4/22 6:50,15289.795,15320.86,31.065,
'10443720008051291,8/4/22,8/5/22 6:47,15320.86,15343.07,22.215,
'10443720008051291,8/5/22,8/6/22 6:46,15343.07,15363.38,20.311,
'10443720008051291,8/6/22,8/7/22 7:17,15363.38,15380.134,16.756,
'10443720008051291,8/7/22,8/8/22 6:46,15380.134,15398.696,18.562,
'10443720008051291,8/8/22,8/9/22 6:46,15398.696,15420.003,21.303,
'10443720008051291,8/9/22,8/10/22 6:45,15420.003,15450.229,30.231,
'10443720008051291,8/10/22,8/11/22 6:53,15450.229,15471.266,21.039,
'10443720008051291,8/11/22,8/12/22 6:49,15471.266,15496.51,25.246,
'10443720008051291,8/12/22,8/13/22 6:47,15496.51,15533.479,36.967,
'10443720008051291,8/13/22,8/14/22 7:28,15533.479,15567.075,33.599,
'10443720008051291,8/14/22,8/15/22 6:56,15567.075,15588.378,21.303,
'10443720008051291,8/15/22,8/16/22 6:50,15588.378,15623.632,35.25,
'10443720008051291,8/16/22,8/17/22 6:52,15623.632,15651.092,27.465,
'10443720008051291,8/17/22,8/18/22 6:52,15651.092,15679.098,28.005,
'10443720008051291,8/18/22,8/19/22 6:51,15679.098,15699.715,20.615,
'10443720008051291,8/19/22,8/20/22 6:49,15699.715,15727.98,28.265,
'10443720008051291,8/20/22,8/21/22 11:04,15727.98,15745.797,17.819,
'10443720008051291,8/21/22,8/22/22 6:44,15745.797,15776.361,30.561,
'10443720008051291,8/22/22,8/23/22 6:52,15776.361,15795.835,19.471,
'10443720008051291,8/23/22,8/24/22 6:55,15795.835,15806.502,10.665,
'10443720008051291,8/24/22,8/25/22 6:51,15806.502,15826.833,20.329,
'10443720008051291,8/25/22,8/26/22 6:52,15826.833,15842.134,15.3,
'10443720008051291,8/26/22,8/27/22 6:49,15842.134,15863.49,21.354,
'10443720008051291,8/27/22,8/28/22 7:28,15863.49,15881.89,18.4,
'10443720008051291,8/28/22,8/29/22 8:13,15881.89,15915.537,33.65,
'10443720008051291,8/29/22,8/30/22 6:58,15915.537,15940.598,25.06,
'10443720008051291,8/30/22,8/31/22 8:33,15940.598,15955.868,15.27,
'10443720008051291,8/31/22,9/1/22 6:59,15955.868,15971.527,15.659,
'10443720008051291,9/1/22,9/2/22 7:04,15971.527,15988.597,17.07,
'10443720008051291,9/2/22,9/3/22 6:55,15988.597,16006.984,18.386,
'10443720008051291,9/3/22,9/4/22 7:35,16006.984,16032.465,25.482,
'10443720008051291,9/4/22,9/5/22 8:20,16032.465,16056.133,23.667,
'10443720008051291,9/5/22,9/6/22 6:53,16056.133,16073.818,17.686,
'10443720008051291,9/6/22,9/7/22 6:51,16073.818,16093.003,19.183,
'10443720008051291,9/7/22,9/8/22 6:51,16093.003,16117.507,24.502,
'10443720008051291,9/8/22,9/9/22 6:53,16117.507,16136.751,19.248,
'10443720008051291,9/9/22,9/10/22 6:49,16136.751,16159.941,23.189,
'10443720008051291,9/10/22,9/11/22 7:32,16159.941,16177.154,17.21,
'10443720008051291,9/11/22,9/12/22 7:00,16177.154,16190.664,13.509,
'10443720008051291,9/12/22,9/13/22 20:16,16190.664,16204.933,14.272,
'10443720008051291,9/13/22,9/14/22 6:28,16204.933,16223.39,18.451,
'10443720008051291,9/14/22,9/15/22 6:28,16223.39,16239.264,15.874,
'10443720008051291,9/15/22,9/16/22 6:34,16239.264,16258.388,19.123,
'10443720008051291,9/16/22,9/17/22 6:29,16258.388,16283.398,25.008,
'10443720008051291,9/17/22,9/18/22 7:05,16283.398,16308.552,25.149,
'10443720008051291,9/18/22,9/19/22 6:27,16308.552,16338.138,29.587,
'10443720008051291,9/19/22,9/20/22 6:29,16338.138,16372.478,34.343,
'10443720008051291,9/20/22,9/21/22 6:31,16372.478,16392.022,19.545,
'10443720008051291,9/21/22,9/22/22 6:29,16392.022,16416.388,24.359,
'10443720008051291,9/22/22,9/23/22 6:27,16416.388,16435.54,19.149,
'10443720008051291,9/23/22,9/24/22 6:47,16435.54,16456.353,20.802,
'10443720008051291,9/24/22,9/25/22 6:54,16456.353,16477.458,21.105,
'10443720008051291,9/25/22,9/26/22 6:23,16477.458,16495.011,17.551,
'10443720008051291,9/26/22,9/27/22 6:27,16495.011,16512.244,17.239,
'10443720008051291,9/27/22,9/28/22 6:20,16512.244,16525.479,13.23,
'10443720008051291,9/28/22,9/29/22 6:39,16525.479,16537.996,12.515,
'10443720008051291,9/29/22,9/30/22 12:42,16537.996,16548.561,10.566,
'10443720008051291,9/30/22,10/1/22 6:11,16548.561,16561.707,13.143,
'10443720008051291,10/1/22,10/2/22 6:41,16561.707,16578.806,17.099,
'10443720008051291,10/2/22,10/3/22 6:12,16578.806,16591.778,12.969,
'10443720008051291,10/3/22,10/4/22 6:12,16591.778,16602.652,10.878,
'10443720008051291,10/4/22,10/5/22 6:12,16602.652,16614.819,12.163,
'10443720008051291,10/5/22,10/6/22 6:14,16614.819,16627.85,13.033,
'10443720008051291,10/6/22,10/7/22 6:12,16627.85,16638.342,10.498,
'10443720008051291,10/7/22,10/8/22 6:12,16638.342,16656.58,18.243,
'10443720008051291,10/8/22,10/9/22 6:41,16656.58,16667.485,10.902,
'10443720008051291,10/9/22,10/10/22 6:11,16667.485,16677.64,10.145,
'10443720008051291,10/10/22,10/11/22 6:11,16677.64,16685.866,8.23,
'10443720008051291,10/11/22,10/12/22 6:12,16685.866,16695.36,9.504,
'10443720008051291,10/12/22,10/13/22 6:13,16695.36,16707.493,12.134,
'10443720008051291,10/13/22,10/14/22 6:12,16707.493,16717.987,10.493,
'10443720008051291,10/14/22,10/15/22 6:11,16717.987,16735.465,17.483,
'10443720008051291,10/15/22,10/16/22 6:41,16735.465,16755.012,19.544,
'10443720008051291,10/16/22,10/17/22 6:10,16755.012,16762.146,7.138,
'10443720008051291,10/17/22,10/18/22 6:13,16762.146,16773.061,10.919,
'10443720008051291,10/18/22,10/19/22 6:11,16773.061,16779.787,6.735,
'10443720008051291,10/19/22,10/20/22 6:12,16779.787,16787.995,8.213,
'10443720008051291,10/20/22,10/21/22 6:10,16787.995,16796.784,8.793,
'10443720008051291,10/21/22,10/22/22 6:10,16796.784,16811.173,14.388,
'10443720008051291,10/22/22,10/23/22 6:39,16811.173,16825.926,14.748,
'10443720008051291,10/23/22,10/24/22 6:10,16825.926,16836.003,10.085,
'10443720008051291,10/24/22,10/25/22 6:11,16836.003,16845.57,9.567,
'10443720008051291,10/25/22,10/26/22 6:11,16845.57,16853.788,8.224,
'10443720008051291,10/26/22,10/27/22 6:12,16853.788,16861.803,8.015,
'10443720008051291,10/27/22,10/28/22 6:11,16861.803,16865.853,4.061,
'10443720008051291,10/28/22,10/29/22 6:09,16865.853,16879.078,13.221,
'10443720008051291,10/29/22,10/30/22 6:38,16879.078,16887.049,7.982,
'10443720008051291,10/30/22,10/31/22 6:12,16887.049,16891.093,4.057,
'10443720008051291,10/31/22,11/1/22 6:13,16891.093,16900.011,8.926,
'10443720008051291,11/1/22,11/2/22 6:10,16900.011,16909.929,9.926,
'10443720008051291,11/2/22,11/3/22 6:11,16909.929,16918.622,8.692,
'10443720008051291,11/3/22,11/4/22 6:12,16918.622,16927.101,8.483,
'10443720008051291,11/4/22,11/5/22 6:09,16927.101,16935.54,8.447,
'10443720008051291,11/5/22,11/6/22 8:00,16935.54,16946.318,10.783,
'10443720008051291,11/6/22,11/7/22 9:39,16946.318,16956.516,10.204,
'10443720008051291,11/7/22,11/8/22 7:42,16956.516,16963.027,6.527,
'10443720008051291,11/8/22,11/9/22 6:49,16963.027,16967.384,4.375,
'10443720008051291,11/9/22,11/10/22 6:14,16967.384,16973.504,6.135,
'10443720008051291,11/10/22,11/11/22 6:11,16973.504,16987.64,14.146,
'10443720008051291,11/11/22,11/12/22 6:15,16987.64,17007.022,19.384,
'10443720008051291,11/12/22,11/13/22 6:43,17007.022,17064.235,57.215,
'10443720008051291,11/13/22,11/14/22 6:10,17064.235,17083.365,19.139,
'10443720008051291,11/14/22,11/15/22 6:12,17083.365,17150.296,66.928,
'10443720008051291,11/15/22,11/16/22 6:12,17150.296,17194.905,44.622,
'10443720008051291,11/16/22,11/17/22 6:14,17194.905,17232.607,37.709,
'10443720008051291,11/17/22,11/18/22 6:13,17232.607,17284.989,52.39,
'10443720008051291,11/18/22,11/19/22 6:13,17284.989,17325.542,40.556,
'10443720008051291,11/19/22,11/20/22 6:41,17325.542,17330.092,4.549,
'10443720008051291,11/20/22,11/21/22 6:13,17330.092,17345.223,15.13,
'10443720008051291,11/21/22,11/22/22 6:24,17345.223,17350.15,4.922,
'10443720008051291,11/22/22,11/23/22 6:12,17350.15,17353.572,3.423,
'10443720008051291,11/23/22,11/24/22 6:12,17353.572,17356.545,2.966,
'10443720008051291,11/24/22,11/25/22 6:16,17356.545,17360.148,3.6,
'10443720008051291,11/25/22,11/26/22 6:16,17360.148,17363.575,3.426,
'10443720008051291,11/26/22,11/27/22 6:49,17363.575,17378.143,14.568,
'10443720008051291,11/27/22,11/28/22 6:12,17378.143,17415.219,37.078,
'10443720008051291,11/28/22,11/29/22 6:20,17415.219,17453.926,38.717,
'10443720008051291,11/29/22,11/30/22 6:13,17453.926,17493.242,39.316,
'10443720008051291,11/30/22,12/1/22 6:13,17493.242,17561.942,68.702,
'10443720008051291,12/1/22,12/2/22 6:14,17561.942,17643.026,81.082,
'10443720008051291,12/2/22,12/4/22 6:41,17643.026,17684.226,41.205,
'10443720008051291,12/3/22,12/4/22 6:40,17684.226,17720.442,36.216,
'10443720008051291,12/4/22,12/5/22 6:19,17720.442,17780.024,59.581,
'10443720008051291,12/5/22,12/7/22 6:24,17780.024,17811.258,31.232,
'10443720008051291,12/6/22,12/7/22 6:23,17811.258,17830.224,18.969,
'10443720008051291,12/7/22,12/8/22 6:10,17830.224,17842.468,12.255,
'10443720008051291,12/8/22,12/9/22 6:13,17842.468,17859.057,16.591,
'10443720008051291,12/9/22,12/10/22 6:12,17859.057,17870.563,11.51,
'10443720008051291,12/10/22,12/11/22 6:54,17870.563,17890.294,19.73,
'10443720008051291,12/11/22,12/12/22 6:13,17890.294,17918.917,28.607,
'10443720008051291,12/12/22,12/13/22 6:13,17918.917,17945.884,26.962,
'10443720008051291,12/13/22,12/17/22 6:16,17945.884,17964.921,19.039,
'10443720008051291,12/14/22,12/15/22 6:19,17964.921,18004.753,39.832,
'10443720008051291,12/15/22,12/16/22 6:12,18004.753,18074.536,69.78,
'10443720008051291,12/16/22,12/17/22 6:15,18074.536,18124.316,49.785,
'10443720008051291,12/17/22,12/18/22 6:45,18124.316,18146.503,22.188,
'10443720008051291,12/18/22,12/19/22 6:12,18146.503,18164.628,18.129,
'10443720008051291,12/19/22,12/20/22 6:10,18164.628,18193.903,29.28,
'10443720008051291,12/20/22,12/21/22 6:12,18193.903,18244.942,51.041,
'10443720008051291,12/21/22,12/22/22 6:15,18244.942,18298.413,53.464,
'10443720008051291,12/22/22,12/23/22 6:11,18298.413,18358.411,59.998,
'10443720008051291,12/23/22,12/24/22 6:12,18358.411,18451.998,93.583,
'10443720008051291,12/24/22,12/25/22 6:45,18451.998,18511.286,59.288,
'10443720008051291,12/25/22,12/26/22 6:15,18511.286,18545.04,33.756,
'10443720008051291,12/26/22,12/27/22 6:12,18545.04,18564.992,19.951,
'10443720008051291,12/27/22,12/28/22 6:13,18564.992,18596.566,31.577,
'10443720008051291,12/28/22,12/29/22 6:18,18596.566,18607.586,11.02,
'10443720008051291,12/29/22,12/30/22 6:13,18607.586,18610.992,3.403,
'10443720008051291,12/30/22,12/31/22 6:11,18610.992,18630.362,19.37,
'10443720008051291,12/31/22,1/1/23 6:41,18630.362,18646.257,15.892,
'10443720008051291,1/1/23,1/2/23 6:11,18646.257,18649.785,3.528,
'10443720008051291,1/2/23,1/3/23 6:13,18649.785,18653.871,4.084,
'10443720008051291,1/3/23,1/4/23 6:13,18653.871,18657.406,3.529,
'10443720008051291,1/4/23,1/5/23 6:13,18657.406,18661.212,3.802,
'10443720008051291,1/5/23,1/6/23 6:12,18661.212,18664.927,3.712,
'10443720008051291,1/6/23,1/7/23 6:12,18664.927,18668.708,3.78,
'10443720008051291,1/7/23,1/8/23 6:43,18668.708,18672.607,3.896,
'10443720008051291,1/8/23,1/9/23 6:12,18672.607,18676.539,3.932,
'10443720008051291,1/9/23,1/10/23 6:14,18676.539,18691.146,14.608,
'10443720008051291,1/10/23,1/11/23 6:14,18691.146,18723.384,32.233,
'10443720008051291,1/11/23,1/12/23 9:42,18723.384,18735.576,12.183,
'10443720008051291,1/12/23,1/13/23 6:11,18735.576,18765.332,29.757,
'10443720008051291,1/13/23,1/14/23 6:09,18765.332,18807.435,42.103,
'10443720008051291,1/14/23,1/15/23 6:37,18807.435,18851.827,44.39,
'10443720008051291,1/15/23,1/16/23 6:08,18851.827,18888.084,36.255,
'10443720008051291,1/16/23,1/17/23 6:10,18888.084,18904.53,16.441,
'10443720008051291,1/17/23,1/18/23 6:12,18904.53,18920.494,15.961,
'10443720008051291,1/18/23,1/19/23 6:11,18920.494,18934.299,13.796,
'10443720008051291,1/19/23,1/20/23 6:13,18934.299,18969.822,35.526,
'10443720008051291,1/20/23,1/21/23 6:11,18969.822,19021.656,51.836,
'10443720008051291,1/21/23,1/22/23 9:29,19021.656,19072.53,50.871,
'10443720008051291,1/22/23,1/23/23 6:10,19072.53,19134.344,61.816,
'10443720008051291,1/23/23,1/24/23 6:09,19134.344,19181.116,46.771,
'10443720008051291,1/24/23,1/25/23 6:08,19181.116,19228.981,47.854,
'10443720008051291,1/25/23,1/26/23 6:09,19228.981,19279.242,50.264,
'10443720008051291,1/26/23,1/27/23 6:09,19279.242,19332.415,53.167,
'10443720008051291,1/27/23,1/28/23 6:08,19332.415,19394.658,62.243,
'10443720008051291,1/28/23,1/29/23 6:35,19394.658,19433.962,39.307,
'10443720008051291,1/29/23,1/30/23 6:08,19433.962,19485.668,51.709,
'10443720008051291,1/30/23,1/31/23 6:27,19485.668,19560.475,74.804,
'10443720008051291,1/31/23,2/1/23 6:09,19560.475,19648.255,87.781,
'10443720008051291,2/1/23,2/2/23 7:27,19648.255,19721.982,73.729,
'10443720008051291,2/2/23,2/3/23 7:23,19721.982,19788.132,66.152,
'10443720008051291,2/3/23,2/4/23 6:09,19788.132,19856.148,68.011,
'10443720008051291,2/4/23,2/5/23 6:40,19856.148,19897.197,41.054,
'10443720008051291,2/5/23,2/6/23 6:10,19897.197,19925.641,28.445,
'10443720008051291,2/6/23,2/7/23 6:09,19925.641,19942.035,16.398,
'10443720008051291,2/7/23,2/8/23 7:30,19942.035,19953.135,11.099,
'10443720008051291,2/8/23,2/9/23 6:08,19953.135,19980.12,26.976,
'10443720008051291,2/9/23,2/10/23 7:20,19980.12,20019.867,39.748,
'10443720008051291,2/10/23,2/11/23 6:08,20019.867,20084.629,64.754,
'10443720008051291,2/11/23,2/12/23 6:34,20084.629,20140.996,56.369,
'10443720008051291,2/12/23,2/13/23 6:08,20140.996,20180.704,39.706,
'10443720008051291,2/13/23,2/14/23 6:08,20180.704,20211.622,30.916,
'10443720008051291,2/14/23,2/15/23 6:08,20211.622,20226.241,14.613,
'10443720008051291,2/15/23,2/16/23 6:08,20226.241,20243.586,17.334,
'10443720008051291,2/16/23,2/17/23 6:09,20243.586,20288.773,45.184,
'10443720008051291,2/17/23,2/18/23 6:09,20288.773,20346.284,57.506,
'10443720008051291,2/18/23,2/19/23 6:36,20346.284,20402.893,56.606,
'10443720008051291,2/19/23,2/20/23 7:20,20402.893,20445.172,42.28,
'10443720008051291,2/20/23,2/22/23 7:18,20445.172,20472.408,27.237,
'10443720008051291,2/21/23,2/22/23 7:17,20472.408,20481.943,9.541,
'10443720008051291,2/22/23,2/23/23 6:10,20481.943,20490.686,8.733,
'10443720008051291,2/23/23,2/24/23 6:09,20490.686,20506.798,16.123,
'10443720008051291,2/24/23,2/25/23 6:07,20506.798,20553.709,46.912,
'10443720008051291,2/25/23,2/26/23 6:37,20553.709,20607.553,53.843,
'10443720008051291,2/26/23,2/27/23 6:17,20607.553,20635.083,27.523,
'10443720008051291,2/27/23,2/28/23 6:09,20635.083,20653.388,18.297,
'10443720008051291,2/28/23,3/1/23 6:09,20653.388,20671.014,17.628,
'10443720008051291,3/1/23,3/2/23 6:09,20671.014,20682.004,10.977,
'10443720008051291,3/2/23,3/3/23 7:30,20682.004,20691.696,9.687,
'10443720008051291,3/3/23,3/4/23 7:23,20691.696,20721.253,29.556,
'10443720008051291,3/4/23,3/5/23 6:41,20721.253,20741.817,20.565,
'10443720008051291,3/5/23,3/6/23 7:39,20741.817,20752.773,10.949,
'10443720008051291,3/6/23,3/7/23 6:09,20752.773,20762.884,10.113,
'10443720008051291,3/7/23,3/8/23 6:10,20762.884,20771.853,8.969,
'10443720008051291,3/8/23,3/9/23 7:27,20771.853,20778.924,7.071,
'10443720008051291,3/9/23,3/10/23 6:11,20778.924,20790.123,11.194,
'10443720008051291,3/10/23,3/11/23 6:08,20790.123,20794.21,4.078,
'10443720008051291,3/11/23,3/12/23 8:37,20794.21,20798.132,3.91,
'10443720008051291,3/12/23,3/13/23 9:25,20798.132,20801.72,3.574,
'10443720008051291,3/13/23,3/14/23 7:45,20801.72,20814.046,12.317,
'10443720008051291,3/14/23,3/15/23 7:19,20814.046,20833.365,19.331,
'10443720008051291,3/15/23,3/16/23 6:10,20833.365,20848.173,14.812,
'10443720008051291,3/16/23,3/17/23 7:28,20848.173,20856.841,8.666,
'10443720008051291,3/17/23,3/18/23 6:10,20856.841,20886.284,29.44,
'10443720008051291,3/18/23,3/19/23 6:39,20886.284,20918.052,31.772,
'10443720008051291,3/19/23,3/20/23 8:02,20918.052,20964.039,45.986,
'10443720008051291,3/20/23,3/21/23 7:35,20964.039,21008.157,44.114,
'10443720008051291,3/21/23,3/22/23 6:11,21008.157,21026.82,18.664,
'10443720008051291,3/22/23,3/23/23 6:11,21026.82,21040.315,13.491,
'10443720008051291,3/23/23,3/24/23 6:11,21040.315,21048.886,8.572,
'10443720008051291,3/24/23,3/25/23 6:09,21048.886,21063.252,14.374,
'10443720008051291,3/25/23,3/26/23 8:19,21063.252,21074.254,11.006,
'10443720008051291,3/26/23,3/27/23 6:17,21074.254,21084.303,10.044,
'10443720008051291,3/27/23,3/28/23 7:24,21084.303,21093.59,9.29,
'10443720008051291,3/28/23,3/29/23 7:23,21093.59,21108.758,15.167,
'10443720008051291,3/29/23,3/30/23 7:20,21108.758,21127.371,18.611,
'10443720008051291,3/30/23,3/31/23 6:10,21127.371,21139.612,12.242,
'10443720008051291,3/31/23,4/1/23 6:08,21139.612,21151.914,12.294,
,4/1/23,,,,,19
,4/2/23,,,,,19
,4/3/23,,,,,22
,4/4/23,,,,,22
,4/5/23,,,,,18
,4/6/23,,,,,13
,4/7/23,,,,,14
,4/8/23,,,,,15
,4/9/23,,,,,16
,4/10/23,,,,,13
,4/11/23,,,,,14
,4/12/23,,,,,13
,4/13/23,,,,,14
,4/14/23,,,,,14
,4/15/23,,,,,14
,4/16/23,,,,,18
,4/17/23,,,,,18
,4/18/23,,,,,18
,4/19/23,,,,,18
,4/20/23,,,,,18
,4/21/23,,,,,19
,4/22/23,,,,,19
,4/23/23,,,,,18
,4/24/23,,,,,18
,4/25/23,,,,,18