Date,Max_Temp,Avg_Temp,Min_Temp,Max_Dew,Avg_Dew,Min_Dew,Max_Hum,Avg_Hum,Min_Hum,Max_Wind,Avg_Wind,Min_Wind,Max_Press,Avg_Press,Min_Press,Precipitation
5/1/21,73 ,67.9 ,64 ,64 ,62.0 ,61 ,90 ,81.6 ,66 ,10 ,6.5 ,0 ,29.6 ,29.4 ,29.3 ,0.50 
5/2/21,82 ,70.8 ,66 ,66 ,62.7 ,60 ,93 ,76.8 ,50 ,16 ,7.6 ,0 ,29.3 ,29.1 ,29.0 ,0.02 
5/3/21,91 ,78.8 ,70 ,71 ,67.7 ,61 ,84 ,69.7 ,48 ,16 ,10.8 ,3 ,29.2 ,29.0 ,28.9 ,0.00 
5/4/21,76 ,68.5 ,61 ,64 ,56.3 ,50 ,81 ,66.0 ,46 ,21 ,11.2 ,0 ,29.6 ,29.4 ,29.2 ,0.01 
5/5/21,78 ,65.7 ,53 ,49 ,43.9 ,38 ,80 ,49.4 ,24 ,10 ,4.0 ,0 ,29.7 ,29.6 ,29.6 ,0.00 
5/6/21,84 ,72.8 ,60 ,55 ,49.8 ,45 ,64 ,45.7 ,31 ,8 ,4.5 ,0 ,29.7 ,29.7 ,29.6 ,0.00 
5/7/21,86 ,74.6 ,63 ,57 ,54.2 ,50 ,75 ,51.1 ,31 ,17 ,9.0 ,0 ,29.7 ,29.6 ,29.4 ,0.00 
5/8/21,88 ,76.5 ,63 ,67 ,61.8 ,56 ,81 ,61.3 ,45 ,21 ,14.8 ,7 ,29.5 ,29.3 ,29.2 ,0.00 
5/9/21,84 ,77.8 ,67 ,69 ,64.1 ,54 ,76 ,63.5 ,50 ,24 ,12.4 ,5 ,29.4 ,29.3 ,29.2 ,0.00 
5/10/21,65 ,60.1 ,58 ,57 ,54.2 ,51 ,93 ,81.0 ,65 ,16 ,8.3 ,0 ,29.5 ,29.5 ,29.4 ,0.00 
5/11/21,63 ,59.1 ,57 ,58 ,55.9 ,54 ,94 ,89.6 ,82 ,16 ,7.5 ,0 ,29.6 ,29.5 ,29.4 ,0.58 
5/12/21,64 ,59.9 ,57 ,56 ,54.1 ,53 ,90 ,81.5 ,70 ,12 ,7.1 ,3 ,29.8 ,29.7 ,29.6 ,0.87 
5/13/21,76 ,67.5 ,61 ,55 ,50.4 ,46 ,81 ,56.6 ,37 ,9 ,4.8 ,0 ,29.8 ,29.8 ,29.7 ,0.00 
5/14/21,78 ,70.2 ,63 ,56 ,51.8 ,47 ,61 ,52.2 ,45 ,13 ,9.5 ,3 ,29.7 ,29.7 ,29.6 ,0.00 
5/15/21,82 ,74.2 ,64 ,63 ,59.0 ,53 ,75 ,59.7 ,50 ,17 ,11.2 ,7 ,29.6 ,29.5 ,29.5 ,0.00 
5/16/21,76 ,71.0 ,69 ,70 ,66.4 ,63 ,93 ,85.4 ,71 ,16 ,9.7 ,5 ,29.5 ,29.4 ,29.4 ,0.00 
5/17/21,81 ,73.1 ,67 ,68 ,65.5 ,62 ,90 ,77.7 ,52 ,15 ,8.4 ,0 ,29.4 ,29.3 ,29.3 ,5.33 
5/18/21,74 ,68.8 ,64 ,66 ,62.7 ,59 ,90 ,81.0 ,73 ,21 ,8.6 ,0 ,29.4 ,29.4 ,29.3 ,0.19 
5/19/21,82 ,74.0 ,67 ,64 ,61.8 ,59 ,81 ,66.3 ,50 ,15 ,5.7 ,0 ,29.4 ,29.4 ,29.3 ,0.25 
5/20/21,80 ,71.6 ,67 ,67 ,65.0 ,63 ,93 ,80.3 ,58 ,12 ,4.3 ,0 ,29.5 ,29.4 ,29.4 ,0.00 
5/21/21,85 ,75.4 ,71 ,69 ,66.8 ,65 ,87 ,75.2 ,54 ,16 ,9.8 ,5 ,29.6 ,29.5 ,29.5 ,0.29 
5/22/21,80 ,74.1 ,71 ,70 ,68.5 ,67 ,91 ,83.0 ,69 ,15 ,9.5 ,6 ,29.7 ,29.6 ,29.6 ,0.00 
5/23/21,78 ,73.0 ,70 ,67 ,65.0 ,60 ,90 ,76.5 ,56 ,10 ,6.7 ,0 ,29.7 ,29.6 ,29.6 ,0.64 
5/24/21,79 ,73.0 ,70 ,70 ,67.0 ,63 ,91 ,81.6 ,66 ,23 ,9.3 ,0 ,29.6 ,29.6 ,29.5 ,0.02 
5/25/21,81 ,73.5 ,68 ,69 ,67.0 ,65 ,93 ,80.3 ,60 ,13 ,9.3 ,0 ,29.5 ,29.5 ,29.4 ,0.24 
5/26/21,91 ,80.5 ,74 ,72 ,70.0 ,67 ,89 ,72.0 ,45 ,12 ,9.0 ,5 ,29.6 ,29.5 ,29.5 ,0.68 
5/27/21,89 ,81.7 ,77 ,72 ,69.5 ,68 ,83 ,67.5 ,51 ,20 ,10.3 ,7 ,29.5 ,29.4 ,29.3 ,0.00 
5/28/21,81 ,74.2 ,68 ,71 ,65.2 ,62 ,84 ,73.7 ,60 ,22 ,6.0 ,0 ,29.5 ,29.4 ,29.4 ,0.00 
5/29/21,86 ,76.4 ,69 ,67 ,62.8 ,60 ,84 ,63.8 ,48 ,12 ,6.5 ,0 ,29.5 ,29.5 ,29.4 ,0.00 
5/30/21,77 ,70.9 ,65 ,61 ,58.7 ,55 ,73 ,65.6 ,57 ,15 ,9.3 ,5 ,29.6 ,29.6 ,29.5 ,0.00 
5/31/21,75 ,69.3 ,67 ,69 ,63.6 ,57 ,93 ,82.7 ,68 ,14 ,8.6 ,0 ,29.6 ,29.6 ,29.4 ,0
6/1/21,73 ,69.0 ,66 ,66 ,62.6 ,60 ,93 ,80.6 ,66 ,14 ,6.9 ,0 ,29.6 ,29.5 ,29.5 ,1.76 
6/2/21,83 ,72.9 ,61 ,63 ,60.2 ,58 ,90 ,65.9 ,47 ,9 ,4.4 ,0 ,29.5 ,29.5 ,29.4 ,0.00 
6/3/21,81 ,74.2 ,66 ,65 ,62.3 ,59 ,84 ,67.1 ,52 ,9 ,4.3 ,0 ,29.5 ,29.5 ,29.4 ,0.00 
6/4/21,81 ,73.7 ,69 ,67 ,64.6 ,63 ,90 ,73.7 ,56 ,12 ,5.9 ,0 ,29.5 ,29.5 ,29.4 ,0.00 
6/5/21,85 ,75.5 ,69 ,69 ,66.9 ,64 ,93 ,75.8 ,51 ,13 ,4.2 ,0 ,29.4 ,29.4 ,29.3 ,0.48 
6/6/21,87 ,77.3 ,68 ,70 ,67.4 ,63 ,90 ,72.8 ,53 ,13 ,9.3 ,6 ,29.3 ,29.3 ,29.2 ,0.01 
6/7/21,80 ,73.8 ,68 ,73 ,68.9 ,66 ,96 ,84.8 ,69 ,16 ,8.8 ,0 ,29.3 ,29.3 ,29.3 ,0.00 
6/8/21,88 ,78.3 ,73 ,76 ,71.7 ,67 ,97 ,80.7 ,65 ,20 ,7.9 ,0 ,29.4 ,29.4 ,29.3 ,0.74 
6/9/21,91 ,82.8 ,77 ,74 ,72.8 ,72 ,88 ,72.3 ,53 ,14 ,9.4 ,7 ,29.5 ,29.4 ,29.4 ,0.00 
6/10/21,91 ,83.5 ,77 ,74 ,72.3 ,71 ,84 ,69.7 ,53 ,14 ,10.1 ,6 ,29.4 ,29.4 ,29.3 ,0.00 
6/11/21,91 ,84.1 ,78 ,74 ,72.2 ,70 ,87 ,68.3 ,50 ,16 ,11.2 ,7 ,29.4 ,29.3 ,29.3 ,0.00 
6/12/21,91 ,82.1 ,73 ,76 ,71.8 ,66 ,84 ,71.4 ,55 ,21 ,7.3 ,0 ,29.5 ,29.4 ,29.4 ,0.00 
6/13/21,99 ,89.0 ,78 ,75 ,72.7 ,71 ,84 ,60.1 ,40 ,8 ,3.2 ,0 ,29.5 ,29.4 ,29.4 ,0.00 
6/14/21,97 ,89.7 ,82 ,77 ,72.0 ,66 ,79 ,57.6 ,36 ,12 ,5.1 ,0 ,29.5 ,29.4 ,29.4 ,0.00 
6/15/21,95 ,87.1 ,76 ,71 ,67.3 ,63 ,79 ,53.3 ,38 ,10 ,3.8 ,0 ,29.5 ,29.5 ,29.4 ,0.00 
6/16/21,96 ,87.2 ,74 ,69 ,66.5 ,63 ,82 ,52.0 ,33 ,9 ,4.4 ,0 ,29.5 ,29.5 ,29.4 ,0.00 
6/17/21,97 ,88.5 ,77 ,71 ,67.7 ,64 ,76 ,51.9 ,36 ,10 ,4.2 ,0 ,29.5 ,29.5 ,29.4 ,0.00 
6/18/21,93 ,86.0 ,79 ,72 ,68.4 ,64 ,74 ,56.7 ,42 ,12 ,7.6 ,5 ,29.5 ,29.4 ,29.4 ,0.00 
6/19/21,95 ,86.5 ,73 ,66 ,62.9 ,59 ,76 ,47.0 ,31 ,12 ,6.1 ,0 ,29.4 ,29.3 ,29.3 ,0.00 
6/20/21,96 ,87.6 ,79 ,73 ,68.8 ,65 ,77 ,55.0 ,37 ,16 ,10.8 ,7 ,29.3 ,29.3 ,29.2 ,0.00 
6/21/21,92 ,81.7 ,70 ,75 ,71.2 ,62 ,81 ,70.7 ,54 ,15 ,9.3 ,3 ,29.5 ,29.3 ,29.2 ,0.00 
6/22/21,86 ,77.5 ,69 ,67 ,63.1 ,60 ,81 ,62.0 ,48 ,12 ,6.9 ,0 ,29.5 ,29.5 ,29.4 ,0.04 
6/23/21,96 ,85.3 ,77 ,74 ,71.7 ,68 ,82 ,64.9 ,46 ,14 ,10.6 ,8 ,29.5 ,29.4 ,29.4 ,0.00 
6/24/21,95 ,88.4 ,80 ,76 ,72.2 ,70 ,77 ,59.9 ,44 ,17 ,11.9 ,9 ,29.5 ,29.4 ,29.4 ,0.00 
6/25/21,96 ,87.3 ,80 ,75 ,71.8 ,69 ,79 ,61.4 ,43 ,21 ,13.3 ,9 ,29.4 ,29.4 ,29.3 ,0.00 
6/26/21,95 ,86.5 ,80 ,73 ,70.2 ,68 ,74 ,59.2 ,41 ,16 ,12.6 ,7 ,29.4 ,29.3 ,29.3 ,0.00 
6/27/21,92 ,83.9 ,79 ,73 ,71.7 ,70 ,82 ,67.0 ,48 ,21 ,8.3 ,0 ,29.4 ,29.4 ,29.4 ,0.00 
6/28/21,85 ,78.6 ,76 ,73 ,71.7 ,71 ,88 ,79.7 ,63 ,17 ,6.0 ,0 ,29.5 ,29.5 ,29.4 ,0.08 
6/29/21,90 ,79.2 ,75 ,75 ,71.5 ,69 ,90 ,78.1 ,50 ,14 ,8.7 ,3 ,29.6 ,29.5 ,29.5 ,0.15 
6/30/21,93 ,82.5 ,75 ,72 ,70.8 ,69 ,90 ,69.2 ,47 ,8 ,4.9 ,0 ,29.6 ,29.6 ,29.5 ,0.04
7/1/21,96 ,86.3 ,77 ,74 ,70.5 ,68 ,90 ,61.1 ,40 ,15 ,5.8 ,0 ,29.5 ,29.4 ,29.4 ,0.00 
7/2/21,88 ,80.8 ,77 ,75 ,73.2 ,70 ,94 ,78.2 ,59 ,10 ,4.6 ,0 ,29.5 ,29.4 ,29.4 ,0.84 
7/3/21,85 ,80.8 ,78 ,72 ,67.8 ,63 ,81 ,65.7 ,48 ,15 ,8.3 ,3 ,29.5 ,29.5 ,29.4 ,0.10 
7/4/21,89 ,82.6 ,78 ,67 ,65.4 ,62 ,68 ,56.2 ,46 ,12 ,6.8 ,0 ,29.5 ,29.4 ,29.4 ,0.00 
7/5/21,89 ,82.2 ,77 ,71 ,67.8 ,64 ,82 ,62.0 ,51 ,14 ,8.4 ,3 ,29.5 ,29.4 ,29.4 ,0.00 
7/6/21,91 ,82.4 ,75 ,72 ,70.7 ,66 ,87 ,69.1 ,50 ,13 ,4.3 ,0 ,29.5 ,29.4 ,29.4 ,0.00 
7/7/21,93 ,84.7 ,76 ,73 ,70.1 ,68 ,88 ,63.0 ,44 ,9 ,4.6 ,0 ,29.5 ,29.4 ,29.3 ,0.01 
7/8/21,93 ,86.0 ,79 ,72 ,70.0 ,67 ,79 ,60.1 ,44 ,14 ,6.8 ,0 ,29.5 ,29.4 ,29.4 ,0.00 
7/9/21,86 ,79.7 ,76 ,73 ,70.6 ,67 ,87 ,74.4 ,53 ,17 ,9.4 ,3 ,29.6 ,29.5 ,29.5 ,0.00 
7/10/21,93 ,82.6 ,75 ,73 ,71.2 ,69 ,89 ,69.8 ,47 ,16 ,10.2 ,5 ,29.5 ,29.5 ,29.4 ,0.00 
7/11/21,92 ,80.9 ,70 ,71 ,67.7 ,64 ,87 ,65.8 ,44 ,29 ,9.2 ,0 ,29.5 ,29.4 ,29.4 ,0.51 
7/12/21,89 ,81.8 ,75 ,70 ,67.2 ,64 ,74 ,61.5 ,45 ,16 ,6.3 ,0 ,29.6 ,29.5 ,29.5 ,0.00 
7/13/21,92 ,83.3 ,74 ,71 ,68.6 ,65 ,85 ,63.0 ,42 ,14 ,8.3 ,3 ,29.6 ,29.6 ,29.6 ,0.00 
7/14/21,91 ,81.8 ,74 ,70 ,67.7 ,64 ,79 ,63.3 ,45 ,23 ,9.7 ,3 ,29.7 ,29.6 ,29.5 ,0.00 
7/15/21,92 ,83.3 ,75 ,72 ,70.7 ,69 ,85 ,67.1 ,47 ,14 ,9.3 ,6 ,29.6 ,29.5 ,29.4 ,0.02 
7/16/21,91 ,84.3 ,77 ,73 ,71.3 ,69 ,84 ,66.2 ,50 ,14 ,9.6 ,5 ,29.5 ,29.4 ,29.4 ,0.00 
7/17/21,91 ,85.1 ,78 ,73 ,70.8 ,68 ,82 ,63.3 ,48 ,14 ,9.8 ,3 ,29.6 ,29.5 ,29.4 ,0.00 
7/18/21,93 ,86.8 ,80 ,73 ,70.1 ,65 ,79 ,58.5 ,39 ,10 ,6.2 ,0 ,29.6 ,29.5 ,29.5 ,0.00 
7/19/21,85 ,80.3 ,76 ,75 ,71.6 ,69 ,91 ,75.1 ,63 ,9 ,4.9 ,0 ,29.6 ,29.5 ,29.5 ,0.00 
7/20/21,89 ,81.0 ,74 ,72 ,69.1 ,64 ,91 ,69.5 ,45 ,12 ,5.2 ,0 ,29.5 ,29.5 ,29.4 ,0.39 
7/21/21,90 ,83.0 ,75 ,70 ,65.5 ,60 ,76 ,56.9 ,38 ,12 ,5.2 ,0 ,29.6 ,29.5 ,29.5 ,0.00 
7/22/21,93 ,85.1 ,76 ,71 ,68.8 ,66 ,76 ,58.8 ,47 ,12 ,6.6 ,0 ,29.6 ,29.6 ,29.5 ,0.00 
7/23/21,94 ,86.1 ,78 ,73 ,70.6 ,67 ,79 ,61.3 ,42 ,14 ,9.4 ,3 ,29.6 ,29.6 ,29.5 ,0.00 
7/24/21,97 ,87.8 ,79 ,74 ,71.0 ,66 ,82 ,59.0 ,37 ,13 ,8.8 ,5 ,29.5 ,29.5 ,29.4 ,0.00 
7/25/21,99 ,88.7 ,80 ,73 ,70.4 ,67 ,71 ,56.1 ,36 ,14 ,7.3 ,0 ,29.5 ,29.4 ,29.4 ,0.00 
7/26/21,100 ,90.5 ,82 ,72 ,69.7 ,67 ,67 ,51.7 ,34 ,13 ,7.0 ,3 ,29.5 ,29.4 ,29.4 ,0.00 
7/27/21,100 ,92.1 ,84 ,71 ,69.2 ,66 ,63 ,48.1 ,35 ,14 ,6.5 ,0 ,29.5 ,29.4 ,29.4 ,0.00 
7/28/21,98 ,89.0 ,81 ,74 ,71.1 ,68 ,74 ,56.6 ,41 ,14 ,6.0 ,0 ,29.5 ,29.5 ,29.4 ,0.00 
7/29/21,98 ,89.5 ,80 ,73 ,70.6 ,69 ,71 ,54.9 ,40 ,10 ,4.0 ,0 ,29.6 ,29.5 ,29.4 ,0.00 
7/30/21,98 ,90.2 ,82 ,74 ,71.8 ,69 ,69 ,55.5 ,40 ,12 ,5.2 ,0 ,29.6 ,29.5 ,29.5 ,0.00 
7/31/21,99 ,90.8 ,83 ,74 ,72.0 ,69 ,72 ,55.3 ,38 ,13 ,7.4 ,3 ,29.6 ,29.5 ,29.4 ,0
8/1/21,97 ,85.2 ,77 ,75 ,73.0 ,69 ,90 ,68.6 ,46 ,13 ,6.4 ,0 ,29.5 ,29.5 ,29.4 ,0.00 
8/2/21,88 ,78.8 ,75 ,74 ,72.0 ,67 ,94 ,80.8 ,51 ,14 ,5.8 ,0 ,29.5 ,29.5 ,29.4 ,1.06 
8/3/21,91 ,82.6 ,74 ,72 ,67.6 ,62 ,91 ,63.3 ,38 ,9 ,4.1 ,0 ,29.5 ,29.5 ,29.4 ,0.04 
8/4/21,90 ,82.8 ,76 ,69 ,67.0 ,65 ,76 ,59.6 ,43 ,13 ,6.7 ,3 ,29.6 ,29.5 ,29.5 ,0.00 
8/5/21,90 ,82.8 ,76 ,68 ,67.0 ,65 ,74 ,59.4 ,45 ,12 ,7.8 ,0 ,29.6 ,29.5 ,29.5 ,0.00 
8/6/21,92 ,84.1 ,77 ,72 ,68.3 ,66 ,74 ,59.6 ,47 ,17 ,8.6 ,0 ,29.6 ,29.5 ,29.4 ,0.00 
8/7/21,93 ,84.1 ,75 ,73 ,71.7 ,69 ,87 ,67.5 ,47 ,16 ,10.3 ,6 ,29.5 ,29.4 ,29.4 ,0.00 
8/8/21,95 ,86.3 ,79 ,73 ,71.2 ,68 ,82 ,62.6 ,44 ,20 ,12.9 ,9 ,29.4 ,29.4 ,29.3 ,0.00 
8/9/21,96 ,87.0 ,79 ,73 ,71.9 ,69 ,82 ,62.3 ,43 ,20 ,13.4 ,8 ,29.5 ,29.4 ,29.4 ,0.00 
8/10/21,96 ,86.7 ,78 ,73 ,71.7 ,68 ,84 ,62.6 ,43 ,17 ,11.9 ,9 ,29.6 ,29.5 ,29.4 ,0.00 
8/11/21,96 ,87.6 ,78 ,73 ,70.6 ,69 ,84 ,58.5 ,41 ,16 ,11.5 ,6 ,29.6 ,29.5 ,29.4 ,0.00 
8/12/21,97 ,88.6 ,80 ,74 ,71.3 ,69 ,81 ,58.2 ,40 ,15 ,9.5 ,6 ,29.6 ,29.5 ,29.4 ,0.00 
8/13/21,95 ,87.9 ,79 ,73 ,70.7 ,68 ,79 ,58.2 ,41 ,12 ,7.0 ,0 ,29.6 ,29.6 ,29.5 ,0.00 
8/14/21,90 ,79.9 ,73 ,75 ,72.0 ,69 ,100 ,77.8 ,57 ,32 ,8.6 ,0 ,29.7 ,29.6 ,29.6 ,0.00 
8/15/21,88 ,80.6 ,76 ,73 ,71.3 ,68 ,91 ,74.0 ,53 ,8 ,3.0 ,0 ,29.6 ,29.5 ,29.4 ,1.91 
8/16/21,93 ,82.9 ,75 ,73 ,71.0 ,65 ,87 ,68.9 ,39 ,13 ,5.0 ,0 ,29.4 ,29.4 ,29.3 ,0.00 
8/17/21,89 ,78.7 ,73 ,73 ,71.5 ,69 ,93 ,79.4 ,57 ,23 ,8.5 ,5 ,29.4 ,29.4 ,29.4 ,0.00 
8/18/21,81 ,75.3 ,73 ,76 ,72.4 ,71 ,97 ,90.9 ,82 ,15 ,7.8 ,3 ,29.5 ,29.5 ,29.4 ,0.72 
8/19/21,94 ,84.0 ,75 ,77 ,73.5 ,70 ,97 ,73.0 ,49 ,14 ,9.9 ,6 ,29.5 ,29.4 ,29.4 ,0.26 
8/20/21,95 ,86.7 ,78 ,73 ,71.1 ,69 ,82 ,61.0 ,46 ,17 ,11.1 ,5 ,29.4 ,29.4 ,29.3 ,0.07 
8/21/21,95 ,87.5 ,79 ,73 ,71.2 ,69 ,79 ,59.2 ,46 ,13 ,9.3 ,0 ,29.4 ,29.4 ,29.3 ,0.00 
8/22/21,96 ,87.7 ,79 ,74 ,70.8 ,66 ,79 ,58.5 ,37 ,12 ,7.3 ,3 ,29.5 ,29.4 ,29.4 ,0.00 
8/23/21,97 ,87.3 ,80 ,72 ,68.8 ,66 ,74 ,55.3 ,39 ,15 ,8.4 ,0 ,29.5 ,29.4 ,29.4 ,0.00 
8/24/21,95 ,87.1 ,78 ,71 ,69.1 ,67 ,76 ,56.1 ,43 ,13 ,8.8 ,5 ,29.5 ,29.4 ,29.4 ,0.00 
8/25/21,96 ,88.0 ,80 ,73 ,70.1 ,68 ,74 ,56.3 ,43 ,10 ,5.6 ,3 ,29.6 ,29.5 ,29.4 ,0.00 
8/26/21,96 ,88.4 ,80 ,74 ,70.4 ,64 ,76 ,56.6 ,36 ,10 ,5.3 ,0 ,29.5 ,29.5 ,29.4 ,0.00 
8/27/21,92 ,84.2 ,77 ,73 ,70.8 ,68 ,82 ,65.1 ,48 ,13 ,8.7 ,6 ,29.5 ,29.4 ,29.4 ,0.00 
8/28/21,92 ,84.5 ,77 ,72 ,70.1 ,68 ,79 ,62.5 ,48 ,12 ,6.5 ,0 ,29.5 ,29.4 ,29.4 ,0.00 
8/29/21,91 ,82.4 ,77 ,73 ,71.5 ,70 ,84 ,70.5 ,52 ,14 ,5.6 ,0 ,29.5 ,29.4 ,29.4 ,0.00 
8/30/21,97 ,86.9 ,78 ,72 ,69.4 ,68 ,81 ,57.8 ,40 ,9 ,3.4 ,0 ,29.4 ,29.3 ,29.2 ,0.00 
8/31/21,98 ,89.6 ,81 ,71 ,69.3 ,67 ,69 ,52.4 ,39 ,8 ,4.3 ,0 ,29.3 ,29.2 ,29.2 ,0
9/1/21,98 ,90.3 ,83 ,73 ,70.9 ,69 ,67 ,53.8 ,39 ,12 ,7.5 ,3 ,29.3 ,29.3 ,29.2 ,0.00 
9/2/21,96 ,88.5 ,81 ,75 ,72.0 ,69 ,79 ,59.7 ,43 ,14 ,7.8 ,3 ,29.4 ,29.4 ,29.3 ,0.00 
9/3/21,96 ,87.8 ,80 ,74 ,71.4 ,68 ,79 ,59.7 ,43 ,14 ,8.9 ,5 ,29.5 ,29.4 ,29.4 ,0.00 
9/4/21,96 ,88.0 ,79 ,73 ,70.2 ,67 ,79 ,57.1 ,38 ,14 ,7.1 ,3 ,29.4 ,29.4 ,29.3 ,0.00 
9/5/21,94 ,86.1 ,81 ,75 ,71.2 ,68 ,69 ,61.2 ,50 ,14 ,6.7 ,0 ,29.5 ,29.4 ,29.4 ,0.00 
9/6/21,95 ,84.6 ,77 ,74 ,67.3 ,54 ,88 ,60.6 ,26 ,10 ,6.0 ,0 ,29.5 ,29.5 ,29.4 ,0.00 
9/7/21,96 ,84.5 ,73 ,63 ,58.8 ,55 ,68 ,44.4 ,26 ,9 ,5.4 ,0 ,29.5 ,29.4 ,29.4 ,0.00 
9/8/21,93 ,80.1 ,70 ,68 ,61.7 ,53 ,84 ,55.1 ,37 ,17 ,5.7 ,0 ,29.6 ,29.4 ,29.4 ,0.00 
9/9/21,92 ,81.8 ,69 ,55 ,51.9 ,48 ,58 ,37.2 ,23 ,13 ,6.4 ,0 ,29.6 ,29.5 ,29.5 ,0.22 
9/10/21,92 ,83.0 ,71 ,56 ,52.9 ,50 ,55 ,36.0 ,27 ,13 ,7.3 ,0 ,29.6 ,29.5 ,29.5 ,0.00 
9/11/21,91 ,81.4 ,73 ,62 ,56.0 ,52 ,55 ,42.8 ,27 ,12 ,7.2 ,3 ,29.6 ,29.6 ,29.5 ,0.00 
9/12/21,91 ,80.5 ,70 ,64 ,59.6 ,57 ,71 ,50.4 ,33 ,10 ,6.3 ,0 ,29.6 ,29.6 ,29.5 ,0.00 
9/13/21,89 ,81.3 ,76 ,72 ,68.1 ,60 ,82 ,65.4 ,46 ,14 ,8.3 ,3 ,29.6 ,29.5 ,29.4 ,0.00 
9/14/21,84 ,78.2 ,72 ,71 ,67.2 ,65 ,87 ,69.1 ,56 ,16 ,7.3 ,0 ,29.5 ,29.4 ,29.4 ,0.00 
9/15/21,90 ,79.6 ,69 ,66 ,65.1 ,64 ,87 ,62.9 ,43 ,13 ,6.8 ,3 ,29.4 ,29.4 ,29.3 ,0.06 
9/16/21,89 ,81.3 ,73 ,66 ,65.5 ,64 ,79 ,60.1 ,43 ,10 ,5.0 ,0 ,29.4 ,29.4 ,29.3 ,0.00 
9/17/21,92 ,82.0 ,74 ,69 ,67.0 ,64 ,82 ,61.8 ,41 ,8 ,2.9 ,0 ,29.5 ,29.5 ,29.4 ,0.00 
9/18/21,96 ,84.8 ,74 ,70 ,66.8 ,63 ,79 ,57.0 ,37 ,12 ,4.8 ,0 ,29.6 ,29.5 ,29.4 ,0.00 
9/19/21,94 ,84.3 ,75 ,72 ,68.7 ,63 ,85 ,61.5 ,38 ,10 ,4.0 ,0 ,29.5 ,29.4 ,29.3 ,0.00 
9/20/21,101 ,88.0 ,76 ,70 ,66.4 ,60 ,79 ,52.6 ,27 ,14 ,9.8 ,6 ,29.4 ,29.3 ,29.3 ,0.00 
9/21/21,88 ,81.9 ,73 ,71 ,57.2 ,39 ,72 ,45.2 ,25 ,20 ,12.2 ,0 ,29.7 ,29.6 ,29.4 ,0.00 
9/22/21,84 ,72.5 ,59 ,48 ,42.2 ,37 ,62 ,36.2 ,19 ,15 ,7.3 ,3 ,29.8 ,29.7 ,29.6 ,0.00 
9/23/21,84 ,72.6 ,58 ,48 ,42.7 ,38 ,67 ,36.9 ,19 ,7 ,4.0 ,0 ,29.6 ,29.6 ,29.5 ,0.00 
9/24/21,88 ,74.7 ,60 ,52 ,46.6 ,43 ,62 ,39.3 ,22 ,10 ,4.7 ,0 ,29.6 ,29.5 ,29.5 ,0.00 
9/25/21,91 ,78.6 ,65 ,56 ,51.1 ,47 ,63 ,40.7 ,23 ,9 ,4.3 ,0 ,29.6 ,29.6 ,29.5 ,0.00 
9/26/21,91 ,80.4 ,67 ,55 ,52.8 ,49 ,66 ,39.8 ,24 ,12 ,6.2 ,0 ,29.6 ,29.5 ,29.4 ,0.00 
9/27/21,88 ,79.2 ,67 ,60 ,56.8 ,52 ,73 ,47.7 ,30 ,10 ,6.9 ,0 ,29.5 ,29.4 ,29.4 ,0.00 
9/28/21,94 ,81.6 ,72 ,68 ,63.4 ,59 ,69 ,54.8 ,40 ,14 ,8.0 ,3 ,29.4 ,29.3 ,29.2 ,0.00 
9/29/21,91 ,82.6 ,74 ,69 ,64.7 ,62 ,79 ,56.3 ,39 ,14 ,8.9 ,3 ,29.4 ,29.3 ,29.3 ,0.00 
9/30/21,89 ,78.0 ,73 ,70 ,66.5 ,60 ,84 ,68.7 ,48 ,18 ,8.6 ,3 ,29.6 ,29.4 ,29.4 ,0
10/1/21,78 ,72.4 ,69 ,70 ,67.8 ,65 ,93 ,85.4 ,68 ,10 ,5.0 ,0 ,29.6 ,29.5 ,29.4 ,0.29 
10/2/21,85 ,76.7 ,71 ,71 ,67.9 ,61 ,93 ,75.7 ,49 ,12 ,4.9 ,0 ,29.6 ,29.5 ,29.4 ,0.64 
10/3/21,88 ,77.0 ,67 ,65 ,60.1 ,55 ,84 ,58.6 ,36 ,14 ,5.0 ,0 ,29.6 ,29.5 ,29.4 ,0.00 
10/4/21,89 ,76.1 ,64 ,59 ,51.2 ,41 ,81 ,47.2 ,21 ,15 ,6.2 ,0 ,29.6 ,29.5 ,29.5 ,0.00 
10/5/21,87 ,76.1 ,61 ,53 ,50.4 ,45 ,70 ,42.5 ,28 ,10 ,5.3 ,0 ,29.6 ,29.5 ,29.5 ,0.00 
10/6/21,87 ,75.3 ,63 ,54 ,50.3 ,46 ,67 ,44.0 ,24 ,6 ,2.4 ,0 ,29.6 ,29.5 ,29.4 ,0.00 
10/7/21,91 ,78.2 ,63 ,58 ,56.3 ,54 ,75 ,49.5 ,31 ,12 ,5.6 ,0 ,29.6 ,29.5 ,29.4 ,0.00 
10/8/21,92 ,81.7 ,72 ,62 ,58.9 ,56 ,66 ,47.1 ,31 ,15 ,9.4 ,6 ,29.6 ,29.5 ,29.4 ,0.00 
10/9/21,92 ,80.9 ,70 ,63 ,57.5 ,51 ,73 ,47.2 ,25 ,15 ,11.2 ,6 ,29.5 ,29.4 ,29.3 ,0.00 
10/10/21,91 ,77.9 ,64 ,71 ,65.7 ,54 ,97 ,67.9 ,45 ,40 ,16.6 ,7 ,29.3 ,29.2 ,29.0 ,0.00 
10/11/21,82 ,70.9 ,62 ,59 ,52.1 ,46 ,75 ,54.3 ,29 ,12 ,6.3 ,0 ,29.4 ,29.3 ,29.2 ,0.67 
10/12/21,83 ,74.8 ,64 ,73 ,63.7 ,53 ,79 ,68.2 ,57 ,16 ,10.8 ,5 ,29.4 ,29.3 ,29.2 ,0.00 
10/13/21,86 ,75.0 ,65 ,72 ,67.7 ,58 ,97 ,78.9 ,59 ,21 ,11.3 ,3 ,29.4 ,29.3 ,29.2 ,0.00 
10/14/21,83 ,72.8 ,67 ,70 ,67.3 ,65 ,97 ,83.8 ,60 ,17 ,6.4 ,0 ,29.4 ,29.3 ,29.3 ,1.79 
10/15/21,75 ,70.4 ,60 ,70 ,60.4 ,43 ,97 ,73.0 ,43 ,22 ,11.7 ,5 ,29.7 ,29.5 ,29.3 ,0.00 
10/16/21,73 ,60.8 ,49 ,45 ,39.5 ,31 ,83 ,50.5 ,21 ,14 ,6.1 ,0 ,29.9 ,29.8 ,29.7 ,0.00 
10/17/21,72 ,60.2 ,47 ,48 ,40.9 ,35 ,93 ,54.5 ,26 ,7 ,2.8 ,0 ,29.8 ,29.7 ,29.7 ,0.00 
10/18/21,75 ,63.4 ,50 ,47 ,43.3 ,41 ,80 ,51.1 ,30 ,14 ,7.2 ,0 ,29.7 ,29.6 ,29.5 ,0.00 
10/19/21,80 ,69.0 ,60 ,59 ,53.8 ,46 ,78 ,59.3 ,42 ,16 ,11.6 ,6 ,29.6 ,29.5 ,29.4 ,0.00 
10/20/21,81 ,71.7 ,64 ,66 ,63.8 ,59 ,94 ,77.2 ,58 ,12 ,7.3 ,0 ,29.6 ,29.6 ,29.5 ,0.00 
10/21/21,83 ,72.5 ,64 ,65 ,53.4 ,45 ,93 ,54.2 ,34 ,9 ,4.8 ,0 ,29.7 ,29.6 ,29.6 ,0.00 
10/22/21,83 ,72.0 ,60 ,60 ,51.7 ,43 ,64 ,49.6 ,35 ,12 ,5.7 ,0 ,29.6 ,29.5 ,29.4 ,0.00 
10/23/21,84 ,75.3 ,68 ,67 ,65.1 ,61 ,90 ,71.7 ,51 ,18 ,10.0 ,5 ,29.4 ,29.4 ,29.3 ,0.00 
10/24/21,83 ,74.9 ,68 ,68 ,65.8 ,63 ,93 ,74.0 ,56 ,16 ,10.2 ,0 ,29.4 ,29.3 ,29.2 ,0.00 
10/25/21,86 ,74.8 ,64 ,62 ,55.3 ,50 ,75 ,52.7 ,35 ,12 ,6.5 ,0 ,29.5 ,29.4 ,29.4 ,0.00 
10/26/21,83 ,76.2 ,70 ,70 ,68.9 ,67 ,97 ,79.0 ,58 ,20 ,12.6 ,6 ,29.4 ,29.3 ,29.1 ,0.00 
10/27/21,76 ,64.5 ,60 ,69 ,56.1 ,42 ,100 ,76.7 ,48 ,25 ,11.9 ,3 ,29.2 ,29.1 ,29.0 ,0.47 
10/28/21,72 ,64.4 ,58 ,42 ,33.4 ,26 ,51 ,32.6 ,22 ,36 ,22.8 ,10 ,29.4 ,29.3 ,29.2 ,0.20 
10/29/21,70 ,60.5 ,50 ,33 ,28.9 ,25 ,52 ,31.3 ,18 ,28 ,18.1 ,3 ,29.5 ,29.4 ,29.4 ,0.00 
10/30/21,73 ,57.8 ,43 ,40 ,34.8 ,30 ,74 ,45.9 ,23 ,6 ,2.6 ,0 ,29.5 ,29.4 ,29.4 ,0.00 
10/31/21,79 ,64.0 ,52 ,46 ,42.6 ,40 ,69 ,47.9 ,29 ,10 ,6.0 ,0 ,29.6 ,29.5 ,29.4 ,0
11/1/21,78 ,65.3 ,55 ,53 ,48.7 ,46 ,78 ,57.3 ,35 ,12 ,5.4 ,0 ,29.7 ,29.6 ,29.6 ,0.00 
11/2/21,60 ,54.1 ,49 ,56 ,50.4 ,48 ,97 ,87.8 ,72 ,10 ,6.7 ,0 ,29.8 ,29.7 ,29.7 ,0.00 
11/3/21,49 ,46.1 ,45 ,47 ,44.4 ,42 ,100 ,94.2 ,86 ,14 ,7.5 ,3 ,29.8 ,29.7 ,29.7 ,1.11 
11/4/21,59 ,48.4 ,44 ,42 ,38.4 ,35 ,90 ,69.8 ,46 ,7 ,3.4 ,0 ,29.8 ,29.8 ,29.7 ,0.50 
11/5/21,59 ,49.1 ,40 ,40 ,38.3 ,37 ,89 ,68.3 ,46 ,7 ,3.4 ,0 ,29.8 ,29.7 ,29.6 ,0.00 
11/6/21,65 ,52.4 ,41 ,43 ,39.3 ,36 ,86 ,63.0 ,42 ,7 ,3.8 ,0 ,29.8 ,29.7 ,29.7 ,0.00 
11/7/21,72 ,58.5 ,44 ,48 ,44.6 ,40 ,85 ,61.4 ,41 ,12 ,7.5 ,3 ,29.7 ,29.6 ,29.6 ,0.00 
11/8/21,71 ,61.1 ,50 ,56 ,52.9 ,48 ,93 ,75.3 ,59 ,14 ,8.8 ,6 ,29.7 ,29.7 ,29.6 ,0.00 
11/9/21,74 ,64.5 ,57 ,60 ,57.5 ,54 ,93 ,78.8 ,59 ,14 ,8.3 ,3 ,29.7 ,29.6 ,29.5 ,0.00 
11/10/21,75 ,65.3 ,57 ,61 ,58.5 ,54 ,100 ,79.7 ,57 ,26 ,12.8 ,7 ,29.5 ,29.4 ,29.2 ,0.00 
11/11/21,66 ,56.8 ,49 ,54 ,42.8 ,35 ,83 ,62.5 ,32 ,16 ,8.0 ,0 ,29.6 ,29.6 ,29.4 ,1.36 
11/12/21,67 ,55.5 ,44 ,41 ,33.6 ,22 ,79 ,46.9 ,23 ,15 ,7.2 ,0 ,29.8 ,29.7 ,29.6 ,0.00 
11/13/21,63 ,50.5 ,37 ,33 ,30.0 ,24 ,79 ,49.2 ,24 ,12 ,4.5 ,0 ,29.8 ,29.7 ,29.6 ,0.00 
11/14/21,69 ,55.4 ,44 ,45 ,40.2 ,33 ,80 ,58.8 ,36 ,7 ,3.6 ,0 ,29.6 ,29.6 ,29.5 ,0.00 
11/15/21,80 ,63.1 ,46 ,60 ,51.3 ,41 ,86 ,67.2 ,42 ,12 ,5.0 ,0 ,29.6 ,29.6 ,29.5 ,0.00 
11/16/21,78 ,69.5 ,61 ,62 ,59.5 ,58 ,93 ,71.8 ,54 ,22 ,12.7 ,7 ,29.5 ,29.4 ,29.3 ,0.00 
11/17/21,81 ,68.2 ,54 ,62 ,53.0 ,31 ,87 ,61.1 ,34 ,21 ,13.3 ,7 ,29.7 ,29.4 ,29.4 ,0.00 
11/18/21,61 ,52.7 ,46 ,27 ,20.7 ,17 ,35 ,29.2 ,19 ,16 ,10.8 ,3 ,30.0 ,29.9 ,29.7 ,0.00 
11/19/21,59 ,50.2 ,39 ,29 ,23.6 ,21 ,65 ,37.6 ,23 ,10 ,6.1 ,0 ,30.0 ,29.8 ,29.7 ,0.00 
11/20/21,71 ,59.8 ,48 ,59 ,46.5 ,28 ,87 ,62.2 ,41 ,21 ,11.1 ,7 ,29.6 ,29.6 ,29.5 ,0.00 
11/21/21,70 ,62.6 ,50 ,62 ,52.5 ,36 ,87 ,70.3 ,51 ,20 ,10.8 ,6 ,29.8 ,29.6 ,29.5 ,0.00 
11/22/21,65 ,52.1 ,41 ,37 ,33.3 ,25 ,79 ,53.2 ,22 ,12 ,4.9 ,0 ,29.9 ,29.8 ,29.7 ,0.00 
11/23/21,70 ,57.3 ,44 ,43 ,33.4 ,30 ,65 ,42.8 ,24 ,17 ,8.8 ,0 ,29.7 ,29.6 ,29.5 ,0.00 
11/24/21,75 ,65.4 ,54 ,64 ,54.8 ,45 ,86 ,69.7 ,50 ,21 ,11.9 ,7 ,29.5 ,29.5 ,29.4 ,0.00 
11/25/21,68 ,54.9 ,42 ,64 ,38.8 ,25 ,93 ,57.2 ,33 ,21 ,11.8 ,3 ,29.9 ,29.7 ,29.5 ,0.03 
11/26/21,54 ,44.9 ,35 ,30 ,27.3 ,23 ,73 ,53.0 ,30 ,8 ,3.9 ,0 ,29.9 ,29.8 ,29.6 ,0.00 
11/27/21,58 ,51.5 ,44 ,51 ,42.2 ,28 ,97 ,72.4 ,50 ,10 ,6.2 ,0 ,29.6 ,29.6 ,29.5 ,0.00 
11/28/21,64 ,55.3 ,47 ,51 ,43.8 ,36 ,100 ,70.3 ,35 ,13 ,6.5 ,0 ,29.7 ,29.7 ,29.6 ,0.36 
11/29/21,72 ,57.3 ,40 ,42 ,39.6 ,38 ,93 ,56.7 ,29 ,9 ,5.0 ,0 ,29.7 ,29.6 ,29.5 ,0.00 
11/30/21,77 ,61.2 ,47 ,51 ,44.8 ,41 ,83 ,57.8 ,33 ,12 ,7.1 ,3 ,29.6 ,29.6 ,29.5 ,0
12/1/21,74 ,62.3 ,50 ,54 ,48.7 ,43 ,87 ,64.1 ,34 ,12 ,4.9 ,0 ,29.6 ,29.6 ,29.5 ,0.00 
12/2/21,78 ,62.3 ,46 ,59 ,51.3 ,43 ,93 ,70.0 ,42 ,10 ,4.3 ,0 ,29.6 ,29.6 ,29.5 ,0.00 
12/3/21,74 ,65.0 ,59 ,63 ,61.3 ,58 ,100 ,88.8 ,64 ,13 ,7.5 ,3 ,29.5 ,29.5 ,29.4 ,0.00 
12/4/21,73 ,65.5 ,60 ,64 ,60.7 ,50 ,100 ,85.2 ,63 ,9 ,5.4 ,0 ,29.6 ,29.5 ,29.4 ,0.00 
12/5/21,75 ,67.1 ,58 ,63 ,59.0 ,50 ,87 ,75.5 ,62 ,16 ,8.2 ,0 ,29.5 ,29.4 ,29.3 ,0.00 
12/6/21,67 ,52.4 ,41 ,64 ,29.0 ,18 ,93 ,44.0 ,25 ,22 ,11.8 ,0 ,29.7 ,29.6 ,29.3 ,0.00 
12/7/21,57 ,46.8 ,37 ,41 ,31.7 ,21 ,77 ,56.4 ,45 ,9 ,4.9 ,0 ,29.6 ,29.5 ,29.4 ,0.00 
12/8/21,58 ,49.8 ,43 ,53 ,45.6 ,39 ,100 ,86.0 ,70 ,13 ,6.3 ,0 ,29.6 ,29.5 ,29.3 ,0.00 
12/9/21,78 ,66.4 ,57 ,63 ,58.5 ,53 ,93 ,77.4 ,42 ,16 ,10.6 ,6 ,29.3 ,29.3 ,29.2 ,0.00 
12/10/21,81 ,73.2 ,67 ,67 ,61.7 ,41 ,93 ,69.2 ,34 ,15 ,9.1 ,5 ,29.3 ,29.2 ,29.1 ,0.00 
12/11/21,62 ,46.0 ,36 ,34 ,26.0 ,23 ,73 ,47.0 ,35 ,33 ,11.5 ,0 ,29.8 ,29.7 ,29.3 ,0.00 
12/12/21,57 ,44.5 ,31 ,29 ,27.3 ,25 ,89 ,55.2 ,29 ,12 ,6.9 ,0 ,29.8 ,29.7 ,29.6 ,0.00 
12/13/21,65 ,54.0 ,41 ,53 ,39.2 ,30 ,97 ,59.6 ,34 ,13 ,8.6 ,3 ,29.7 ,29.7 ,29.6 ,0.00 
12/14/21,71 ,63.3 ,55 ,65 ,61.1 ,54 ,100 ,92.8 ,81 ,15 ,9.2 ,6 ,29.7 ,29.6 ,29.6 ,0.00 
12/15/21,83 ,73.2 ,69 ,67 ,64.2 ,63 ,93 ,73.9 ,56 ,26 ,15.7 ,9 ,29.6 ,29.5 ,29.4 ,0.00 
12/16/21,85 ,71.6 ,62 ,66 ,55.1 ,44 ,81 ,56.6 ,45 ,15 ,7.1 ,0 ,29.5 ,29.5 ,29.4 ,0.00 
12/17/21,77 ,69.8 ,62 ,65 ,60.9 ,50 ,87 ,73.9 ,56 ,18 ,10.0 ,0 ,29.4 ,29.4 ,29.3 ,0.01 
12/18/21,70 ,52.8 ,38 ,65 ,44.5 ,27 ,97 ,74.7 ,52 ,23 ,15.0 ,6 ,29.8 ,29.6 ,29.4 ,0.34 
12/19/21,48 ,40.0 ,33 ,29 ,24.7 ,21 ,73 ,55.4 ,37 ,16 ,6.0 ,0 ,29.9 ,29.8 ,29.7 ,0.00 
12/20/21,52 ,44.4 ,40 ,39 ,35.6 ,29 ,86 ,71.8 ,54 ,7 ,4.1 ,0 ,29.7 ,29.7 ,29.6 ,0.00 
12/21/21,62 ,47.5 ,35 ,41 ,38.2 ,34 ,97 ,73.2 ,41 ,13 ,4.3 ,0 ,29.7 ,29.6 ,29.5 ,0.07 
12/22/21,65 ,53.8 ,43 ,50 ,44.7 ,38 ,86 ,72.0 ,56 ,12 ,7.9 ,3 ,29.6 ,29.5 ,29.5 ,0.00 
12/23/21,74 ,62.1 ,54 ,57 ,53.9 ,50 ,94 ,76.0 ,48 ,18 ,11.5 ,7 ,29.5 ,29.4 ,29.3 ,0.00 
12/24/21,78 ,67.8 ,61 ,61 ,58.7 ,57 ,90 ,73.8 ,52 ,22 ,12.9 ,9 ,29.3 ,29.3 ,29.2 ,0.00 
12/25/21,81 ,70.5 ,63 ,62 ,59.1 ,52 ,90 ,69.7 ,38 ,10 ,6.3 ,0 ,29.4 ,29.3 ,29.3 ,0.00 
12/26/21,76 ,65.9 ,59 ,65 ,61.0 ,58 ,100 ,85.6 ,60 ,17 ,9.8 ,5 ,29.4 ,29.3 ,29.2 ,0.00 
12/27/21,78 ,69.6 ,65 ,63 ,61.5 ,59 ,90 ,76.5 ,54 ,13 ,8.3 ,3 ,29.4 ,29.3 ,29.1 ,0.00 
12/28/21,80 ,69.7 ,57 ,63 ,51.7 ,31 ,84 ,59.7 ,17 ,18 ,9.4 ,0 ,29.2 ,29.1 ,29.1 ,0.00 
12/29/21,73 ,63.4 ,56 ,63 ,57.9 ,49 ,97 ,83.7 ,42 ,14 ,4.9 ,0 ,29.3 ,29.2 ,29.1 ,0.00 
12/30/21,75 ,60.3 ,47 ,47 ,40.8 ,32 ,93 ,54.0 ,21 ,7 ,2.0 ,0 ,29.4 ,29.3 ,29.3 ,0.11 
12/31/21,69 ,63.6 ,52 ,64 ,59.6 ,50 ,96 ,86.9 ,67 ,13 ,5.3 ,0 ,29.3 ,29.2 ,29.1 ,0
1/1/22,73 ,52.4 ,23 ,63 ,45.9 ,15 ,96 ,79.2 ,46 ,29 ,12.5 ,0 ,29.6 ,29.2 ,29.1 ,0.02 
1/2/22,38 ,29.4 ,18 ,20 ,15.5 ,8 ,68 ,57.0 ,44 ,23 ,14.3 ,0 ,29.9 ,29.9 ,29.6 ,0.00 
1/3/22,53 ,39.7 ,25 ,24 ,20.2 ,17 ,85 ,50.3 ,24 ,13 ,5.4 ,0 ,30.0 ,29.9 ,29.8 ,0.00 
1/4/22,62 ,48.5 ,34 ,35 ,24.0 ,19 ,66 ,41.0 ,21 ,17 ,9.9 ,0 ,29.7 ,29.5 ,29.4 ,0.00 
1/5/22,61 ,49.0 ,39 ,40 ,32.8 ,25 ,89 ,57.5 ,31 ,12 ,5.8 ,0 ,29.5 ,29.4 ,29.4 ,0.00 
1/6/22,39 ,33.4 ,28 ,26 ,18.9 ,15 ,75 ,56.2 ,41 ,20 ,11.5 ,3 ,29.8 ,29.6 ,29.4 ,0.00 
1/7/22,47 ,35.4 ,23 ,33 ,22.0 ,14 ,72 ,59.0 ,45 ,12 ,7.1 ,3 ,29.8 ,29.7 ,29.6 ,0.00 
1/8/22,63 ,52.1 ,46 ,61 ,50.2 ,35 ,100 ,93.6 ,63 ,12 ,8.1 ,5 ,29.5 ,29.5 ,29.4 ,0.00 
1/9/22,61 ,51.0 ,41 ,58 ,43.8 ,22 ,100 ,79.2 ,40 ,23 ,11.8 ,0 ,30.1 ,29.7 ,29.4 ,0.03 
1/10/22,54 ,42.1 ,32 ,25 ,21.0 ,17 ,70 ,45.8 ,23 ,12 ,5.9 ,0 ,30.2 ,30.1 ,30.1 ,0.00 
1/11/22,57 ,44.6 ,30 ,30 ,23.2 ,18 ,79 ,48.5 ,22 ,13 ,4.9 ,0 ,30.1 ,30.0 ,29.9 ,0.00 
1/12/22,62 ,50.2 ,39 ,35 ,30.1 ,22 ,76 ,49.8 ,21 ,13 ,5.2 ,0 ,29.9 ,29.7 ,29.6 ,0.00 
1/13/22,74 ,54.3 ,39 ,35 ,31.2 ,26 ,79 ,47.3 ,18 ,9 ,2.7 ,0 ,29.7 ,29.6 ,29.5 ,0.00 
1/14/22,74 ,58.5 ,41 ,35 ,32.3 ,29 ,73 ,41.3 ,19 ,17 ,8.9 ,0 ,29.5 ,29.4 ,29.2 ,0.00 
1/15/22,44 ,34.0 ,30 ,33 ,19.7 ,15 ,69 ,56.1 ,46 ,33 ,24.6 ,14 ,29.7 ,29.6 ,29.4 ,0.00 
1/16/22,52 ,37.5 ,27 ,27 ,23.7 ,21 ,81 ,60.0 ,31 ,15 ,6.8 ,0 ,29.7 ,29.6 ,29.5 ,0.00 
1/17/22,63 ,47.2 ,30 ,29 ,26.7 ,25 ,82 ,49.6 ,25 ,12 ,3.7 ,0 ,29.7 ,29.6 ,29.5 ,0.00 
1/18/22,72 ,58.6 ,45 ,49 ,40.8 ,26 ,76 ,52.8 ,40 ,20 ,12.7 ,7 ,29.5 ,29.4 ,29.3 ,0.00 
1/19/22,62 ,50.8 ,34 ,53 ,40.6 ,16 ,87 ,68.9 ,44 ,24 ,13.6 ,0 ,29.8 ,29.5 ,29.3 ,0.00 
1/20/22,36 ,29.7 ,25 ,15 ,8.6 ,3 ,53 ,42.3 ,29 ,21 ,14.5 ,8 ,30.0 ,29.9 ,29.8 ,0.01 
1/21/22,44 ,33.2 ,22 ,15 ,9.1 ,4 ,48 ,37.4 ,25 ,9 ,4.9 ,0 ,30.0 ,29.9 ,29.8 ,0.00 
1/22/22,51 ,38.0 ,28 ,21 ,15.0 ,11 ,57 ,40.9 ,24 ,7 ,2.7 ,0 ,30.0 ,29.9 ,29.8 ,0.00 
1/23/22,65 ,47.0 ,31 ,36 ,27.6 ,20 ,69 ,49.8 ,28 ,12 ,3.4 ,0 ,29.8 ,29.6 ,29.5 ,0.00 
1/24/22,56 ,49.1 ,43 ,47 ,41.3 ,34 ,96 ,75.8 ,51 ,8 ,3.4 ,0 ,29.5 ,29.4 ,29.3 ,0.00 
1/25/22,59 ,48.8 ,40 ,47 ,35.1 ,18 ,96 ,62.8 ,38 ,13 ,8.1 ,0 ,29.8 ,29.6 ,29.4 ,0.06 
1/26/22,49 ,40.8 ,30 ,20 ,14.8 ,12 ,56 ,36.3 ,23 ,10 ,4.8 ,0 ,29.9 ,29.8 ,29.7 ,0.00 
1/27/22,50 ,43.9 ,35 ,32 ,26.3 ,18 ,67 ,50.8 ,35 ,10 ,5.2 ,0 ,29.9 ,29.8 ,29.7 ,0.00 
1/28/22,57 ,43.5 ,31 ,29 ,24.5 ,20 ,82 ,51.5 ,24 ,20 ,9.0 ,0 ,30.0 ,29.9 ,29.9 ,0.00 
1/29/22,67 ,49.7 ,32 ,27 ,21.8 ,15 ,73 ,39.5 ,14 ,12 ,4.8 ,0 ,29.9 ,29.7 ,29.6 ,0.00 
1/30/22,69 ,55.8 ,39 ,30 ,24.1 ,21 ,53 ,31.6 ,17 ,9 ,5.5 ,0 ,29.6 ,29.6 ,29.5 ,0.00 
1/31/22,67 ,57.7 ,47 ,53 ,45.0 ,30 ,81 ,63.4 ,38 ,18 ,9.0 ,3 ,29.5 ,29.4 ,29.4 ,0
2/1/22,70 ,60.5 ,54 ,56 ,52.3 ,50 ,93 ,75.6 ,53 ,14 ,9.4 ,3 ,29.4 ,29.3 ,29.2 ,0.00 
2/2/22,58 ,42.3 ,30 ,56 ,37.7 ,28 ,93 ,84.1 ,66 ,18 ,12.2 ,3 ,29.5 ,29.4 ,29.3 ,0.00 
2/3/22,32 ,23.7 ,19 ,30 ,19.9 ,14 ,92 ,85.7 ,78 ,18 ,14.8 ,9 ,29.9 ,29.7 ,29.5 ,1.34 
2/4/22,36 ,27.1 ,20 ,25 ,18.2 ,15 ,81 ,70.1 ,52 ,17 ,11.2 ,3 ,30.1 ,30.0 ,29.9 ,0.18 
2/5/22,47 ,35.0 ,21 ,24 ,19.9 ,17 ,88 ,57.8 ,36 ,10 ,4.6 ,0 ,30.1 ,29.9 ,29.7 ,0.00 
2/6/22,55 ,42.0 ,32 ,29 ,24.3 ,19 ,78 ,51.6 ,30 ,10 ,5.3 ,0 ,29.8 ,29.7 ,29.6 ,0.00 
2/7/22,58 ,44.5 ,32 ,31 ,26.2 ,22 ,82 ,53.3 ,25 ,15 ,6.6 ,0 ,29.9 ,29.8 ,29.8 ,0.00 
2/8/22,65 ,50.7 ,34 ,29 ,26.2 ,22 ,73 ,42.8 ,19 ,13 ,6.9 ,0 ,29.8 ,29.7 ,29.6 ,0.00 
2/9/22,70 ,51.6 ,36 ,32 ,26.3 ,16 ,76 ,44.3 ,13 ,9 ,3.1 ,0 ,29.6 ,29.6 ,29.5 ,0.00 
2/10/22,71 ,54.3 ,38 ,29 ,25.8 ,20 ,68 ,38.3 ,15 ,7 ,2.1 ,0 ,29.6 ,29.5 ,29.4 ,0.00 
2/11/22,75 ,60.4 ,43 ,40 ,34.2 ,28 ,58 ,39.4 ,22 ,17 ,8.7 ,0 ,29.5 ,29.4 ,29.3 ,0.00 
2/12/22,55 ,43.4 ,31 ,32 ,16.6 ,4 ,54 ,35.4 ,18 ,23 ,13.1 ,0 ,30.0 ,29.9 ,29.6 ,0.00 
2/13/22,65 ,46.6 ,29 ,28 ,21.2 ,17 ,69 ,41.3 ,19 ,12 ,3.6 ,0 ,30.0 ,29.9 ,29.8 ,0.00 
2/14/22,70 ,54.0 ,36 ,29 ,25.5 ,22 ,70 ,38.8 ,16 ,13 ,6.4 ,0 ,29.8 ,29.7 ,29.6 ,0.00 
2/15/22,70 ,58.1 ,44 ,53 ,41.8 ,30 ,78 ,56.0 ,39 ,23 ,14.5 ,8 ,29.7 ,29.6 ,29.5 ,0.00 
2/16/22,66 ,63.1 ,61 ,63 ,59.3 ,54 ,100 ,87.8 ,73 ,20 ,12.6 ,6 ,29.5 ,29.3 ,29.2 ,0.00 
2/17/22,66 ,44.3 ,32 ,61 ,37.3 ,22 ,93 ,76.7 ,64 ,29 ,18.1 ,7 ,29.8 ,29.5 ,29.2 ,0.22 
2/18/22,52 ,38.0 ,26 ,24 ,17.8 ,9 ,81 ,50.3 ,18 ,10 ,5.4 ,0 ,29.9 ,29.8 ,29.8 ,0.00 
2/19/22,64 ,48.2 ,31 ,26 ,23.8 ,20 ,82 ,43.8 ,20 ,10 ,3.3 ,0 ,29.9 ,29.8 ,29.7 ,0.00 
2/20/22,64 ,55.9 ,44 ,51 ,33.9 ,23 ,84 ,45.8 ,27 ,16 ,11.3 ,7 ,29.7 ,29.6 ,29.5 ,0.00 
2/21/22,81 ,66.0 ,55 ,63 ,59.7 ,51 ,100 ,81.9 ,50 ,18 ,11.6 ,8 ,29.4 ,29.3 ,29.1 ,0.00 
2/22/22,70 ,48.5 ,33 ,65 ,39.6 ,20 ,93 ,72.3 ,50 ,25 ,15.3 ,5 ,29.8 ,29.5 ,29.3 ,0.03 
2/23/22,32 ,25.0 ,23 ,22 ,19.6 ,16 ,96 ,81.0 ,54 ,17 ,12.5 ,6 ,29.9 ,29.8 ,29.7 ,0.00 
2/24/22,29 ,25.1 ,22 ,27 ,23.5 ,21 ,100 ,93.9 ,81 ,14 ,9.8 ,6 ,29.9 ,29.7 ,29.7 ,0.02 
2/25/22,37 ,31.0 ,22 ,23 ,19.8 ,15 ,84 ,64.1 ,50 ,15 ,9.1 ,5 ,30.0 ,29.9 ,29.9 ,0.01 
2/26/22,39 ,36.2 ,33 ,35 ,30.7 ,21 ,97 ,81.6 ,57 ,13 ,7.1 ,5 ,29.9 ,29.9 ,29.8 ,0.00 
2/27/22,56 ,42.1 ,29 ,35 ,25.0 ,19 ,93 ,57.1 ,25 ,14 ,6.5 ,0 ,30.0 ,29.9 ,29.8 ,0.02 
2/28/22,65 ,48.4 ,29 ,28 ,22.6 ,16 ,85 ,44.4 ,15 ,6 ,2.0 ,0 ,29.9 ,29.8 ,29.7 ,0
3/1/22,72 ,56.8 ,37 ,30 ,23.6 ,18 ,67 ,32.8 ,13 ,9 ,3.7 ,0 ,29.7 ,29.7 ,29.6 ,0.00 
3/2/22,77 ,60.8 ,43 ,33 ,29.3 ,25 ,62 ,34.1 ,15 ,8 ,2.9 ,0 ,29.7 ,29.6 ,29.6 ,0.00 
3/3/22,77 ,62.6 ,45 ,43 ,38.5 ,35 ,71 ,43.9 ,24 ,12 ,4.5 ,0 ,29.7 ,29.6 ,29.6 ,0.00 
3/4/22,72 ,62.7 ,55 ,59 ,55.4 ,44 ,97 ,78.1 ,54 ,22 ,10.6 ,7 ,29.6 ,29.6 ,29.4 ,0.00 
3/5/22,77 ,68.6 ,63 ,62 ,59.7 ,58 ,97 ,74.3 ,54 ,20 ,12.4 ,6 ,29.4 ,29.4 ,29.4 ,0.00 
3/6/22,78 ,63.6 ,39 ,65 ,56.9 ,36 ,93 ,79.9 ,58 ,28 ,13.3 ,5 ,29.6 ,29.4 ,29.3 ,0.00 
3/7/22,51 ,40.6 ,36 ,37 ,31.2 ,27 ,97 ,71.8 ,41 ,25 ,13.1 ,5 ,29.8 ,29.7 ,29.6 ,0.08 
3/8/22,49 ,40.1 ,34 ,33 ,29.9 ,25 ,76 ,67.3 ,54 ,13 ,6.3 ,0 ,29.7 ,29.6 ,29.5 ,0.00 
3/9/22,58 ,45.9 ,30 ,31 ,25.3 ,18 ,89 ,51.4 ,21 ,10 ,5.0 ,0 ,29.6 ,29.5 ,29.4 ,0.00 
3/10/22,67 ,53.6 ,42 ,40 ,36.1 ,32 ,79 ,54.3 ,32 ,20 ,7.5 ,0 ,29.5 ,29.4 ,29.4 ,0.00 
3/11/22,42 ,35.0 ,32 ,31 ,24.5 ,13 ,82 ,66.7 ,37 ,24 ,16.1 ,5 ,29.9 ,29.6 ,29.5 ,0.00 
3/12/22,56 ,42.8 ,27 ,20 ,16.2 ,11 ,69 ,39.0 ,17 ,12 ,4.9 ,0 ,30.0 ,29.9 ,29.8 ,0.07 
3/13/22,45 ,45.0 ,45 ,17 ,16.5 ,16 ,33 ,32.0 ,31 ,8 ,7.5 ,7 ,29.8 ,29.8 ,29.8 ,0.00 
3/14/22,75 ,59.7 ,50 ,56 ,46.8 ,38 ,81 ,64.1 ,41 ,22 ,14.2 ,3 ,29.6 ,29.5 ,29.3 ,0.00 
3/15/22,70 ,57.9 ,47 ,50 ,43.7 ,35 ,80 ,59.9 ,46 ,20 ,10.0 ,0 ,29.6 ,29.6 ,29.5 ,0.34 
3/16/22,80 ,63.6 ,46 ,50 ,44.7 ,40 ,93 ,56.7 ,25 ,14 ,6.2 ,0 ,29.6 ,29.4 ,29.3 ,0.00 
3/17/22,74 ,65.3 ,55 ,60 ,53.5 ,45 ,84 ,66.5 ,48 ,21 ,13.1 ,8 ,29.3 ,29.2 ,29.1 ,0.00 
3/18/22,66 ,56.4 ,48 ,43 ,34.8 ,29 ,64 ,46.2 ,26 ,29 ,17.2 ,0 ,29.6 ,29.5 ,29.2 ,0.00 
3/19/22,76 ,59.4 ,41 ,35 ,29.7 ,23 ,79 ,38.7 ,15 ,12 ,3.7 ,0 ,29.7 ,29.6 ,29.6 ,0.00 
3/20/22,79 ,67.9 ,55 ,37 ,32.1 ,28 ,45 ,27.8 ,16 ,20 ,11.5 ,6 ,29.7 ,29.6 ,29.5 ,0.00 
3/21/22,73 ,62.1 ,57 ,67 ,55.8 ,29 ,97 ,82.7 ,26 ,26 ,13.5 ,6 ,29.5 ,29.2 ,29.0 ,0.00 
3/22/22,59 ,51.1 ,48 ,56 ,40.5 ,30 ,96 ,68.3 ,48 ,22 ,15.2 ,0 ,29.4 ,29.3 ,29.1 ,1.46 
3/23/22,63 ,53.9 ,47 ,32 ,26.8 ,21 ,56 ,36.9 ,21 ,26 ,13.6 ,0 ,29.5 ,29.4 ,29.4 ,0.00 
3/24/22,67 ,53.4 ,40 ,31 ,26.9 ,21 ,68 ,40.1 ,18 ,18 ,6.2 ,0 ,29.5 ,29.5 ,29.4 ,0.00 
3/25/22,81 ,63.1 ,43 ,34 ,28.0 ,22 ,63 ,32.4 ,12 ,8 ,2.4 ,0 ,29.6 ,29.6 ,29.5 ,0.00 
3/26/22,84 ,69.0 ,54 ,40 ,35.4 ,30 ,53 ,31.8 ,15 ,12 ,7.5 ,0 ,29.6 ,29.5 ,29.4 ,0.00 
3/27/22,91 ,73.3 ,56 ,47 ,42.6 ,33 ,67 ,36.8 ,13 ,18 ,9.0 ,3 ,29.5 ,29.4 ,29.3 ,0.00 
3/28/22,84 ,72.3 ,61 ,57 ,53.7 ,50 ,83 ,54.3 ,35 ,22 ,14.1 ,7 ,29.5 ,29.4 ,29.3 ,0.00 
3/29/22,78 ,72.4 ,68 ,62 ,59.7 ,56 ,78 ,65.1 ,54 ,23 ,16.8 ,12 ,29.4 ,29.2 ,29.0 ,0.00 
3/30/22,74 ,62.4 ,48 ,66 ,53.6 ,35 ,100 ,74.7 ,42 ,26 ,13.0 ,0 ,29.3 ,29.1 ,28.9 ,1.06 
3/31/22,69 ,57.2 ,46 ,41 ,35.6 ,28 ,79 ,49.2 ,22 ,21 ,7.5 ,0 ,29.4 ,29.4 ,29.3 ,0
4/1/22,74 ,61.6 ,48 ,41 ,37.2 ,33 ,61 ,42.3 ,23 ,17 ,10.1 ,5 ,29.6 ,29.4 ,29.4 ,0.00 
4/2/22,77 ,65.5 ,54 ,53 ,50.6 ,48 ,83 ,60.7 ,39 ,13 ,6.3 ,0 ,29.5 ,29.5 ,29.4 ,0.06 
4/3/22,83 ,71.0 ,59 ,56 ,51.1 ,48 ,75 ,51.2 ,34 ,18 ,10.8 ,0 ,29.5 ,29.4 ,29.3 ,0.00 
4/4/22,78 ,69.0 ,61 ,65 ,57.6 ,40 ,97 ,69.3 ,33 ,21 ,11.9 ,3 ,29.4 ,29.2 ,29.1 ,0.00 
4/5/22,93 ,72.0 ,61 ,65 ,58.2 ,43 ,96 ,69.5 ,18 ,21 ,7.1 ,0 ,29.2 ,29.1 ,28.9 ,1.48 
4/6/22,78 ,67.2 ,58 ,60 ,35.6 ,19 ,59 ,34.0 ,16 ,24 ,16.8 ,5 ,29.6 ,29.3 ,28.9 ,0.00 
4/7/22,70 ,61.0 ,49 ,33 ,23.5 ,15 ,50 ,26.2 ,13 ,29 ,16.0 ,6 ,29.7 ,29.6 ,29.6 ,0.00 
4/8/22,68 ,58.4 ,49 ,32 ,24.7 ,21 ,45 ,28.6 ,18 ,26 ,13.7 ,0 ,29.7 ,29.6 ,29.6 ,0.00 
4/9/22,86 ,67.2 ,45 ,39 ,33.3 ,26 ,63 ,32.6 ,13 ,20 ,9.1 ,0 ,29.6 ,29.4 ,29.3 ,0.00 
4/10/22,81 ,71.4 ,62 ,61 ,55.2 ,39 ,78 ,57.7 ,32 ,24 ,18.3 ,15 ,29.3 ,29.2 ,29.1 ,0.00 
4/11/22,86 ,76.1 ,71 ,65 ,63.4 ,60 ,75 ,65.3 ,46 ,20 ,14.5 ,10 ,29.2 ,29.2 ,29.2 ,0.00 
4/12/22,80 ,74.1 ,69 ,68 ,64.9 ,54 ,84 ,73.1 ,58 ,25 ,14.5 ,9 ,29.2 ,29.1 ,29.0 ,0.00 
4/13/22,79 ,72.8 ,60 ,69 ,53.6 ,32 ,87 ,56.0 ,22 ,29 ,15.5 ,7 ,29.5 ,29.2 ,29.1 ,0.05 
4/14/22,76 ,64.6 ,51 ,41 ,37.2 ,33 ,57 ,38.2 ,24 ,13 ,8.4 ,0 ,29.6 ,29.5 ,29.4 ,0.03 
4/15/22,79 ,69.5 ,59 ,70 ,56.7 ,40 ,87 ,64.5 ,40 ,17 ,12.5 ,9 ,29.4 ,29.4 ,29.2 ,0.00 
4/16/22,80 ,71.4 ,57 ,70 ,63.8 ,50 ,91 ,77.4 ,60 ,17 ,10.2 ,5 ,29.4 ,29.4 ,29.3 ,0.00 
4/17/22,78 ,63.9 ,56 ,59 ,50.6 ,46 ,76 ,63.6 ,36 ,15 ,7.3 ,0 ,29.5 ,29.4 ,29.4 ,0.00 
4/18/22,74 ,61.6 ,52 ,55 ,46.4 ,43 ,83 ,60.4 ,35 ,14 ,8.6 ,3 ,29.8 ,29.7 ,29.5 ,0.00 
4/19/22,72 ,64.9 ,56 ,55 ,46.0 ,42 ,72 ,52.0 ,35 ,20 ,12.5 ,5 ,29.7 ,29.6 ,29.4 ,0.00 
4/20/22,88 ,73.0 ,64 ,66 ,63.3 ,56 ,96 ,73.6 ,46 ,23 ,15.3 ,9 ,29.4 ,29.3 ,29.2 ,0.00 
4/21/22,82 ,76.7 ,72 ,69 ,67.2 ,65 ,84 ,72.8 ,62 ,20 ,14.2 ,9 ,29.6 ,29.5 ,29.4 ,0.00 
4/22/22,85 ,76.5 ,71 ,67 ,64.3 ,61 ,84 ,67.1 ,44 ,28 ,16.5 ,12 ,29.6 ,29.5 ,29.4 ,0.00 
4/23/22,83 ,73.9 ,69 ,63 ,61.7 ,60 ,78 ,66.5 ,46 ,22 ,16.2 ,9 ,29.4 ,29.4 ,29.3 ,0.00 
4/24/22,82 ,72.0 ,63 ,66 ,63.9 ,61 ,93 ,76.2 ,54 ,18 ,12.3 ,0 ,29.4 ,29.3 ,29.3 ,0.00 
4/25/22,68 ,61.5 ,58 ,60 ,54.1 ,42 ,100 ,79.7 ,43 ,18 ,9.3 ,3 ,29.8 ,29.6 ,29.4 ,1.34 
4/26/22,74 ,62.9 ,49 ,48 ,43.5 ,41 ,80 ,51.3 ,33 ,13 ,6.0 ,3 ,29.9 ,29.8 ,29.7 ,0.00 
4/27/22,77 ,67.0 ,56 ,57 ,51.8 ,47 ,75 ,58.9 ,48 ,15 ,9.0 ,3 ,29.7 ,29.6 ,29.5 ,0.00 
4/28/22,81 ,71.7 ,63 ,64 ,59.6 ,53 ,82 ,66.5 ,52 ,17 ,11.7 ,7 ,29.5 ,29.4 ,29.3 ,0.00 
4/29/22,81 ,75.4 ,70 ,67 ,64.9 ,63 ,81 ,69.9 ,60 ,21 ,15.1 ,12 ,29.3 ,29.2 ,29.1 ,0.00 
4/30/22,84 ,76.1 ,69 ,68 ,55.9 ,40 ,82 ,53.9 ,23 ,20 ,10.7 ,5 ,29.4 ,29.3 ,29.2 ,0
5/1/22,84 ,73.5 ,59 ,62 ,51.1 ,43 ,69 ,48.0 ,25 ,15 ,7.8 ,0 ,29.5 ,29.4 ,29.3 ,0.00 
5/2/22,86 ,74.6 ,65 ,68 ,65.4 ,61 ,97 ,74.9 ,53 ,26 ,13.5 ,0 ,29.4 ,29.3 ,29.2 ,0.59 
5/3/22,77 ,63.5 ,54 ,66 ,58.0 ,51 ,94 ,82.6 ,64 ,20 ,9.2 ,0 ,29.5 ,29.4 ,29.2 ,0.58 
5/4/22,86 ,71.7 ,60 ,71 ,65.2 ,57 ,100 ,82.2 ,55 ,17 ,8.8 ,0 ,29.4 ,29.4 ,29.3 ,0.00 
5/5/22,78 ,72.2 ,61 ,71 ,64.2 ,55 ,93 ,76.5 ,50 ,20 ,8.4 ,0 ,29.4 ,29.3 ,29.2 ,0.06 
5/6/22,84 ,71.2 ,57 ,62 ,57.6 ,54 ,93 ,64.8 ,43 ,9 ,4.0 ,0 ,29.4 ,29.3 ,29.3 ,0.66 
5/7/22,87 ,77.2 ,68 ,75 ,67.3 ,59 ,79 ,71.5 ,64 ,14 ,11.4 ,7 ,29.3 ,29.2 ,29.1 ,0.00 
5/8/22,92 ,82.7 ,75 ,73 ,70.2 ,69 ,84 ,67.3 ,47 ,22 ,14.6 ,12 ,29.2 ,29.1 ,29.1 ,0.00 
5/9/22,91 ,83.2 ,76 ,73 ,71.5 ,70 ,82 ,68.5 ,53 ,22 ,15.4 ,10 ,29.3 ,29.2 ,29.1 ,0.00 
5/10/22,90 ,82.6 ,78 ,73 ,71.3 ,66 ,81 ,69.2 ,53 ,17 ,13.3 ,9 ,29.5 ,29.4 ,29.3 ,0.00 
5/11/22,88 ,80.5 ,73 ,71 ,68.4 ,66 ,85 ,67.6 ,51 ,17 ,11.0 ,0 ,29.6 ,29.6 ,29.5 ,0.00 
5/12/22,91 ,80.9 ,72 ,70 ,66.9 ,64 ,84 ,64.1 ,45 ,17 ,12.2 ,9 ,29.5 ,29.4 ,29.3 ,0.00 
5/13/22,91 ,81.1 ,70 ,68 ,64.8 ,63 ,84 ,59.3 ,39 ,22 ,11.5 ,6 ,29.4 ,29.3 ,29.3 ,0.00 
5/14/22,92 ,82.5 ,72 ,69 ,66.1 ,62 ,81 ,58.5 ,42 ,13 ,7.0 ,0 ,29.4 ,29.4 ,29.3 ,0.00 
5/15/22,94 ,82.8 ,71 ,70 ,67.1 ,55 ,84 ,60.8 ,40 ,17 ,10.5 ,3 ,29.5 ,29.4 ,29.3 ,0.00 
5/16/22,89 ,79.4 ,68 ,67 ,63.2 ,56 ,81 ,58.4 ,44 ,13 ,7.7 ,0 ,29.5 ,29.4 ,29.4 ,0.00 
5/17/22,93 ,83.6 ,76 ,68 ,65.2 ,58 ,76 ,55.7 ,31 ,20 ,12.4 ,5 ,29.4 ,29.4 ,29.3 ,0.00 
5/18/22,94 ,83.3 ,73 ,67 ,63.8 ,56 ,81 ,54.5 ,28 ,17 ,13.3 ,9 ,29.4 ,29.3 ,29.2 ,0.00 
5/19/22,93 ,82.5 ,73 ,67 ,65.3 ,63 ,81 ,58.1 ,37 ,21 ,15.5 ,8 ,29.3 ,29.2 ,29.0 ,0.00 
5/20/22,93 ,83.3 ,75 ,71 ,68.7 ,66 ,79 ,62.3 ,47 ,24 ,16.8 ,13 ,29.2 ,29.1 ,29.0 ,0.00 
5/21/22,92 ,78.3 ,64 ,74 ,66.9 ,49 ,84 ,68.7 ,48 ,21 ,12.8 ,5 ,29.6 ,29.3 ,29.2 ,0.00 
5/22/22,72 ,64.8 ,61 ,57 ,52.6 ,49 ,84 ,65.2 ,55 ,18 ,9.6 ,0 ,29.7 ,29.6 ,29.6 ,0.02 
5/23/22,79 ,67.9 ,60 ,64 ,61.9 ,57 ,97 ,82.4 ,60 ,21 ,6.7 ,0 ,29.6 ,29.5 ,29.4 ,0.00 
5/24/22,77 ,68.5 ,63 ,67 ,63.6 ,61 ,100 ,85.1 ,64 ,17 ,10.3 ,3 ,29.4 ,29.3 ,29.1 ,0.00 
5/25/22,72 ,64.5 ,62 ,62 ,56.4 ,47 ,100 ,77.8 ,41 ,22 ,11.1 ,5 ,29.4 ,29.3 ,29.2 ,2.33 
5/26/22,87 ,73.5 ,58 ,53 ,51.0 ,48 ,81 ,49.0 ,26 ,18 ,7.8 ,0 ,29.4 ,29.4 ,29.4 ,0.00 
5/27/22,90 ,77.1 ,60 ,59 ,53.7 ,48 ,87 ,48.8 ,25 ,9 ,3.3 ,0 ,29.5 ,29.5 ,29.4 ,0.00 
5/28/22,93 ,81.9 ,68 ,67 ,60.5 ,53 ,61 ,48.4 ,39 ,21 ,14.0 ,5 ,29.4 ,29.3 ,29.2 ,0.00 
5/29/22,91 ,81.6 ,71 ,69 ,66.1 ,63 ,90 ,60.9 ,43 ,24 ,17.1 ,10 ,29.2 ,29.2 ,29.1 ,0.00 
5/30/22,92 ,83.1 ,76 ,71 ,67.0 ,65 ,76 ,59.4 ,42 ,23 ,16.7 ,12 ,29.3 ,29.2 ,29.2 ,0.00 
5/31/22,93 ,83.8 ,77 ,72 ,70.0 ,66 ,82 ,64.8 ,42 ,17 ,13.2 ,9 ,29.4 ,29.3 ,29.3 ,0
6/1/22,88 ,80.2 ,75 ,76 ,72.0 ,69 ,94 ,76.8 ,57 ,16 ,7.3 ,0 ,29.5 ,29.4 ,29.4 ,0.00 
6/2/22,83 ,74.3 ,65 ,72 ,65.3 ,61 ,100 ,75.1 ,51 ,28 ,11.9 ,3 ,29.5 ,29.4 ,29.4 ,1.64 
6/3/22,82 ,75.5 ,72 ,70 ,67.0 ,65 ,93 ,75.4 ,60 ,10 ,5.2 ,0 ,29.5 ,29.4 ,29.4 ,0.00 
6/4/22,86 ,78.2 ,69 ,70 ,68.4 ,66 ,93 ,73.5 ,51 ,14 ,6.7 ,0 ,29.4 ,29.3 ,29.2 ,0.14 
6/5/22,91 ,81.3 ,73 ,71 ,68.5 ,66 ,87 ,65.9 ,50 ,17 ,12.7 ,7 ,29.3 ,29.2 ,29.1 ,0.00 
6/6/22,93 ,84.5 ,76 ,73 ,70.0 ,67 ,79 ,62.7 ,49 ,17 ,12.9 ,8 ,29.2 ,29.1 ,29.1 ,0.00 
6/7/22,93 ,84.1 ,77 ,72 ,71.3 ,70 ,83 ,66.4 ,49 ,17 ,12.2 ,8 ,29.3 ,29.3 ,29.2 ,0.00 
6/8/22,89 ,82.4 ,77 ,73 ,69.8 ,66 ,82 ,66.6 ,51 ,18 ,11.4 ,3 ,29.5 ,29.4 ,29.3 ,0.00 
6/9/22,93 ,82.8 ,74 ,74 ,71.2 ,68 ,87 ,69.1 ,52 ,15 ,6.7 ,0 ,29.5 ,29.4 ,29.4 ,0.00 
6/10/22,98 ,87.4 ,79 ,73 ,69.8 ,68 ,69 ,57.2 ,37 ,13 ,7.4 ,3 ,29.4 ,29.3 ,29.3 ,0.00 
6/11/22,102 ,91.0 ,80 ,74 ,70.9 ,67 ,76 ,53.5 ,34 ,14 ,8.9 ,0 ,29.3 ,29.3 ,29.2 ,0.00 
6/12/22,100 ,91.3 ,81 ,73 ,70.1 ,65 ,71 ,51.3 ,34 ,16 ,11.7 ,7 ,29.3 ,29.3 ,29.2 ,0.00 
6/13/22,98 ,89.6 ,80 ,73 ,68.0 ,63 ,79 ,51.2 ,33 ,18 ,13.3 ,9 ,29.4 ,29.3 ,29.3 ,0.00 
6/14/22,95 ,86.8 ,79 ,72 ,67.9 ,64 ,77 ,55.2 ,37 ,25 ,16.3 ,12 ,29.4 ,29.4 ,29.3 ,0.00 
6/15/22,94 ,86.0 ,80 ,72 ,70.4 ,67 ,76 ,60.6 ,46 ,21 ,14.8 ,12 ,29.4 ,29.4 ,29.4 ,0.00 
6/16/22,100 ,89.2 ,79 ,72 ,65.9 ,60 ,74 ,48.5 ,27 ,13 ,7.7 ,0 ,29.6 ,29.5 ,29.4 ,0.00 
6/17/22,98 ,88.6 ,79 ,71 ,67.0 ,63 ,65 ,49.7 ,35 ,21 ,6.7 ,0 ,29.6 ,29.5 ,29.4 ,0.00 
6/18/22,96 ,87.7 ,78 ,72 ,69.3 ,65 ,79 ,56.0 ,37 ,14 ,7.0 ,0 ,29.5 ,29.5 ,29.4 ,0.00 
6/19/22,99 ,88.6 ,80 ,73 ,70.3 ,66 ,77 ,56.0 ,36 ,14 ,7.4 ,0 ,29.6 ,29.5 ,29.4 ,0.00 
6/20/22,99 ,88.8 ,77 ,71 ,67.5 ,64 ,71 ,50.9 ,33 ,13 ,8.8 ,5 ,29.6 ,29.5 ,29.5 ,0.00 
6/21/22,99 ,90.9 ,82 ,71 ,66.4 ,59 ,67 ,46.1 ,30 ,14 ,8.1 ,3 ,29.6 ,29.6 ,29.5 ,0.00 
6/22/22,98 ,86.1 ,0 ,71 ,64.0 ,0 ,71 ,45.8 ,0 ,9 ,5.3 ,0 ,29.6 ,29.6 ,29.5 ,0.00 
6/23/22,101 ,91.8 ,82 ,71 ,68.0 ,64 ,65 ,47.4 ,31 ,14 ,5.5 ,0 ,29.5 ,29.4 ,29.3 ,0.00 
6/24/22,101 ,92.5 ,83 ,70 ,65.7 ,62 ,60 ,42.7 ,28 ,14 ,9.2 ,3 ,29.4 ,29.4 ,29.3 ,0.00 
6/25/22,101 ,92.1 ,83 ,66 ,60.5 ,53 ,54 ,36.5 ,21 ,13 ,8.3 ,5 ,29.5 ,29.4 ,29.4 ,0.00 
6/26/22,101 ,91.7 ,82 ,71 ,63.1 ,59 ,57 ,39.5 ,27 ,14 ,8.3 ,0 ,29.6 ,29.5 ,29.5 ,0.00 
6/27/22,94 ,84.3 ,74 ,69 ,65.1 ,57 ,60 ,52.6 ,44 ,13 ,7.7 ,0 ,29.7 ,29.6 ,29.6 ,0.00 
6/28/22,90 ,83.5 ,76 ,67 ,57.1 ,51 ,62 ,42.3 ,26 ,13 ,8.0 ,5 ,29.7 ,29.6 ,29.5 ,0.00 
6/29/22,93 ,84.3 ,75 ,60 ,55.1 ,46 ,60 ,38.8 ,24 ,13 ,6.8 ,3 ,29.7 ,29.6 ,29.5 ,0.00 
6/30/22,97 ,87.4 ,76 ,69 ,63.0 ,53 ,64 ,45.4 ,31 ,14 ,7.4 ,3 ,29.6 ,29.5 ,29.4 ,0
7/1/22,94 ,86.0 ,76 ,71 ,68.6 ,66 ,79 ,57.7 ,40 ,13 ,8.0 ,3 ,29.5 ,29.4 ,29.3 ,0.00 
7/2/22,99 ,87.0 ,78 ,73 ,71.1 ,67 ,81 ,60.9 ,36 ,15 ,8.0 ,0 ,29.4 ,29.4 ,29.3 ,0.00 
7/3/22,101 ,90.1 ,80 ,74 ,69.9 ,63 ,79 ,54.3 ,31 ,13 ,8.6 ,6 ,29.5 ,29.4 ,29.4 ,0.00 
7/4/22,99 ,90.7 ,82 ,70 ,65.7 ,61 ,67 ,45.2 ,28 ,13 ,9.8 ,5 ,29.5 ,29.5 ,29.4 ,0.00 
7/5/22,100 ,91.7 ,82 ,69 ,66.0 ,62 ,62 ,43.8 ,29 ,15 ,9.2 ,5 ,29.5 ,29.4 ,29.3 ,0.00 
7/6/22,102 ,92.5 ,82 ,69 ,64.6 ,61 ,65 ,41.3 ,26 ,16 ,10.7 ,5 ,29.5 ,29.4 ,29.3 ,0.00 
7/7/22,101 ,92.1 ,82 ,71 ,66.8 ,63 ,65 ,45.4 ,29 ,13 ,8.7 ,0 ,29.5 ,29.4 ,29.4 ,0.00 
7/8/22,104 ,94.0 ,84 ,70 ,66.8 ,64 ,61 ,42.3 ,28 ,13 ,8.4 ,6 ,29.5 ,29.4 ,29.4 ,0.00 
7/9/22,106 ,96.0 ,86 ,75 ,66.2 ,58 ,51 ,38.0 ,25 ,16 ,6.2 ,0 ,29.5 ,29.5 ,29.4 ,0.00 
7/10/22,102 ,92.9 ,82 ,70 ,67.3 ,63 ,65 ,44.3 ,28 ,12 ,6.1 ,0 ,29.5 ,29.4 ,29.3 ,0.00 
7/11/22,102 ,91.6 ,80 ,75 ,67.8 ,59 ,79 ,49.5 ,25 ,12 ,7.2 ,0 ,29.4 ,29.3 ,29.3 ,0.00 
7/12/22,102 ,92.8 ,82 ,73 ,65.1 ,59 ,65 ,42.3 ,25 ,16 ,7.1 ,3 ,29.4 ,29.4 ,29.3 ,0.00 
7/13/22,104 ,94.4 ,82 ,68 ,64.5 ,61 ,62 ,38.6 ,26 ,9 ,5.4 ,0 ,29.5 ,29.4 ,29.4 ,0.00 
7/14/22,94 ,87.5 ,79 ,73 ,66.7 ,57 ,72 ,51.3 ,30 ,20 ,9.7 ,5 ,29.5 ,29.5 ,29.4 ,0.00 
7/15/22,98 ,88.6 ,79 ,69 ,66.0 ,62 ,72 ,49.0 ,32 ,13 ,7.0 ,0 ,29.6 ,29.5 ,29.5 ,0.00 
7/16/22,99 ,89.5 ,78 ,72 ,68.8 ,66 ,79 ,52.6 ,34 ,12 ,7.8 ,0 ,29.5 ,29.4 ,29.4 ,0.00 
7/17/22,104 ,93.5 ,85 ,69 ,64.7 ,59 ,59 ,40.2 ,26 ,13 ,8.4 ,0 ,29.4 ,29.4 ,29.3 ,0.00 
7/18/22,107 ,95.6 ,84 ,66 ,62.9 ,58 ,53 ,35.1 ,24 ,18 ,11.0 ,6 ,29.4 ,29.3 ,29.3 ,0.00 
7/19/22,106 ,95.4 ,84 ,69 ,64.9 ,60 ,57 ,38.2 ,26 ,16 ,12.6 ,9 ,29.4 ,29.3 ,29.2 ,0.00 
7/20/22,107 ,94.8 ,82 ,74 ,68.0 ,59 ,74 ,44.6 ,21 ,14 ,10.0 ,7 ,29.4 ,29.3 ,29.3 ,0.00 
7/21/22,100 ,92.7 ,85 ,72 ,69.1 ,64 ,65 ,47.3 ,31 ,14 ,8.5 ,0 ,29.4 ,29.4 ,29.3 ,0.00 
7/22/22,99 ,89.9 ,84 ,72 ,67.5 ,59 ,67 ,48.9 ,32 ,17 ,11.3 ,3 ,29.5 ,29.4 ,29.4 ,0.00 
7/23/22,99 ,88.8 ,77 ,73 ,67.7 ,63 ,84 ,53.0 ,32 ,13 ,10.3 ,3 ,29.5 ,29.5 ,29.4 ,0.00 
7/24/22,101 ,92.0 ,82 ,70 ,65.6 ,60 ,63 ,43.7 ,27 ,14 ,9.7 ,6 ,29.5 ,29.4 ,29.4 ,0.00 
7/25/22,103 ,93.4 ,84 ,68 ,64.3 ,60 ,58 ,39.6 ,26 ,14 ,9.9 ,6 ,29.5 ,29.4 ,29.4 ,0.00 
7/26/22,101 ,92.8 ,82 ,66 ,62.8 ,58 ,58 ,38.2 ,24 ,15 ,10.0 ,8 ,29.5 ,29.4 ,29.3 ,0.00 
7/27/22,101 ,92.7 ,83 ,71 ,66.5 ,61 ,63 ,43.8 ,28 ,17 ,9.9 ,5 ,29.5 ,29.4 ,29.3 ,0.00 
7/28/22,101 ,92.4 ,83 ,71 ,66.9 ,62 ,65 ,45.0 ,29 ,14 ,9.5 ,6 ,29.5 ,29.4 ,29.4 ,0.00 
7/29/22,100 ,91.3 ,83 ,71 ,68.6 ,64 ,65 ,48.8 ,31 ,12 ,7.8 ,0 ,29.5 ,29.4 ,29.4 ,0.00 
7/30/22,99 ,90.7 ,83 ,71 ,69.3 ,66 ,67 ,50.5 ,34 ,14 ,8.2 ,3 ,29.6 ,29.5 ,29.4 ,0.00 
7/31/22,102 ,92.7 ,84 ,70 ,64.5 ,62 ,59 ,40.6 ,28 ,13 ,9.5 ,0 ,29.6 ,29.5 ,29.4 ,0
8/1/22,100 ,92.0 ,83 ,69 ,65.8 ,60 ,63 ,43.0 ,33 ,17 ,8.9 ,3 ,29.6 ,29.5 ,29.4 ,0.00 
8/2/22,100 ,92.5 ,83 ,70 ,65.6 ,62 ,63 ,42.6 ,29 ,16 ,11.0 ,8 ,29.5 ,29.4 ,29.3 ,0.00 
8/3/22,102 ,92.3 ,82 ,69 ,66.2 ,63 ,62 ,43.6 ,29 ,15 ,10.4 ,6 ,29.4 ,29.3 ,29.3 ,0.00 
8/4/22,101 ,91.5 ,81 ,72 ,67.0 ,62 ,74 ,46.5 ,30 ,15 ,9.7 ,6 ,29.4 ,29.4 ,29.3 ,0.00 
8/5/22,102 ,92.6 ,83 ,70 ,65.5 ,62 ,58 ,42.4 ,27 ,18 ,9.8 ,5 ,29.5 ,29.4 ,29.4 ,0.00 
8/6/22,96 ,87.5 ,78 ,71 ,68.7 ,66 ,76 ,55.0 ,37 ,15 ,10.5 ,6 ,29.6 ,29.5 ,29.4 ,0.00 
8/7/22,99 ,89.9 ,80 ,71 ,67.0 ,62 ,72 ,49.2 ,30 ,14 ,9.2 ,5 ,29.6 ,29.5 ,29.4 ,0.00 
8/8/22,100 ,91.9 ,82 ,70 ,66.4 ,62 ,67 ,45.0 ,29 ,12 ,8.3 ,0 ,29.6 ,29.5 ,29.4 ,0.00 
8/9/22,101 ,87.0 ,81 ,72 ,69.2 ,66 ,72 ,56.5 ,33 ,17 ,7.8 ,0 ,29.6 ,29.5 ,29.4 ,0.00 
8/10/22,100 ,84.5 ,76 ,75 ,71.5 ,67 ,94 ,67.7 ,35 ,15 ,6.8 ,0 ,29.6 ,29.5 ,29.5 ,0.00 
8/11/22,97 ,86.1 ,75 ,74 ,69.1 ,61 ,94 ,61.5 ,33 ,10 ,4.3 ,0 ,29.5 ,29.5 ,29.4 ,0.14 
8/12/22,96 ,87.8 ,78 ,73 ,69.8 ,67 ,81 ,56.8 ,40 ,12 ,7.3 ,3 ,29.6 ,29.5 ,29.4 ,0.00 
8/13/22,97 ,88.8 ,80 ,72 ,67.6 ,60 ,76 ,51.8 ,29 ,10 ,7.1 ,3 ,29.6 ,29.5 ,29.4 ,0.00 
8/14/22,97 ,89.0 ,80 ,70 ,67.1 ,62 ,65 ,49.0 ,38 ,13 ,7.4 ,0 ,29.5 ,29.4 ,29.4 ,0.00 
8/15/22,98 ,90.4 ,82 ,69 ,65.2 ,60 ,62 ,44.7 ,28 ,12 ,7.0 ,0 ,29.5 ,29.4 ,29.3 ,0.00 
8/16/22,100 ,92.1 ,84 ,70 ,65.4 ,60 ,63 ,42.8 ,27 ,10 ,7.1 ,5 ,29.4 ,29.4 ,29.3 ,0.00 
8/17/22,103 ,88.9 ,73 ,71 ,67.2 ,63 ,90 ,52.2 ,29 ,24 ,8.8 ,0 ,29.5 ,29.4 ,29.3 ,0.00 
8/18/22,87 ,79.8 ,75 ,75 ,71.7 ,70 ,90 ,76.9 ,59 ,10 ,5.0 ,0 ,29.5 ,29.4 ,29.4 ,0.06 
8/19/22,94 ,81.8 ,74 ,72 ,69.2 ,62 ,91 ,69.0 ,35 ,12 ,4.0 ,0 ,29.4 ,29.4 ,29.3 ,0.00 
8/20/22,92 ,82.8 ,76 ,73 ,70.7 ,64 ,91 ,68.8 ,39 ,15 ,7.6 ,0 ,29.5 ,29.5 ,29.4 ,0.00 
8/21/22,89 ,78.2 ,74 ,76 ,73.8 ,71 ,100 ,87.1 ,55 ,14 ,8.4 ,6 ,29.5 ,29.5 ,29.4 ,0.00 
8/22/22,79 ,74.6 ,72 ,75 ,73.2 ,71 ,100 ,95.4 ,82 ,17 ,5.2 ,0 ,29.4 ,29.4 ,29.3 ,6.76 
8/23/22,85 ,76.5 ,73 ,75 ,72.4 ,71 ,100 ,87.7 ,63 ,12 ,6.5 ,0 ,29.4 ,29.4 ,29.3 ,2.39 
8/24/22,89 ,81.2 ,74 ,72 ,69.7 ,67 ,91 ,69.4 ,48 ,13 ,5.0 ,0 ,29.5 ,29.4 ,29.4 ,0.04 
8/25/22,93 ,83.2 ,74 ,71 ,69.0 ,66 ,87 ,64.0 ,43 ,8 ,4.2 ,0 ,29.5 ,29.5 ,29.4 ,0.00 
8/26/22,92 ,84.3 ,76 ,72 ,70.4 ,68 ,87 ,64.5 ,45 ,9 ,4.4 ,0 ,29.5 ,29.5 ,29.4 ,0.00 
8/27/22,95 ,86.2 ,78 ,74 ,71.7 ,68 ,84 ,63.8 ,43 ,12 ,7.5 ,0 ,29.4 ,29.4 ,29.3 ,0.00 
8/28/22,96 ,87.4 ,78 ,73 ,71.2 ,69 ,84 ,60.2 ,41 ,14 ,10.3 ,7 ,29.3 ,29.3 ,29.2 ,0.00 
8/29/22,93 ,84.9 ,78 ,73 ,71.9 ,70 ,84 ,66.0 ,49 ,16 ,9.9 ,5 ,29.4 ,29.4 ,29.3 ,0.00 
8/30/22,89 ,81.6 ,77 ,74 ,73.2 ,72 ,90 ,75.9 ,57 ,15 ,6.9 ,0 ,29.5 ,29.5 ,29.4 ,0.00 
8/31/22,89 ,80.8 ,76 ,75 ,72.1 ,70 ,91 ,75.5 ,55 ,13 ,5.4 ,0 ,29.6 ,29.5 ,29.5 ,0
9/1/22,88 ,77.8 ,74 ,74 ,72.0 ,70 ,94 ,83.0 ,63 ,26 ,5.2 ,0 ,29.5 ,29.5 ,29.4 ,0.09 
9/2/22,82 ,77.2 ,74 ,75 ,72.5 ,70 ,94 ,85.5 ,69 ,10 ,5.4 ,0 ,29.5 ,29.5 ,29.4 ,0.91 
9/3/22,96 ,81.7 ,73 ,75 ,70.7 ,62 ,96 ,71.0 ,43 ,26 ,4.3 ,0 ,29.6 ,29.5 ,29.4 ,0.20 
9/4/22,93 ,77.4 ,68 ,71 ,67.9 ,66 ,93 ,74.3 ,44 ,29 ,7.2 ,0 ,29.5 ,29.5 ,29.4 ,0.10 
9/5/22,91 ,80.4 ,68 ,70 ,67.7 ,64 ,96 ,67.3 ,47 ,10 ,5.5 ,0 ,29.5 ,29.4 ,29.4 ,0.80 
9/6/22,92 ,83.8 ,77 ,72 ,69.6 ,67 ,82 ,63.6 ,44 ,9 ,5.1 ,0 ,29.5 ,29.5 ,29.4 ,0.00 
9/7/22,95 ,85.0 ,75 ,71 ,68.7 ,65 ,85 ,60.1 ,37 ,10 ,3.6 ,0 ,29.5 ,29.5 ,29.4 ,0.00 
9/8/22,89 ,81.9 ,76 ,72 ,66.6 ,59 ,87 ,61.9 ,40 ,10 ,5.8 ,0 ,29.4 ,29.4 ,29.3 ,0.00 
9/9/22,88 ,79.6 ,71 ,65 ,62.1 ,58 ,81 ,56.8 ,39 ,12 ,6.9 ,5 ,29.4 ,29.3 ,29.3 ,0.00 
9/10/22,90 ,79.3 ,66 ,63 ,60.5 ,58 ,84 ,54.6 ,37 ,6 ,3.1 ,0 ,29.5 ,29.4 ,29.4 ,0.00 
9/11/22,83 ,75.9 ,69 ,64 ,60.6 ,56 ,75 ,59.7 ,46 ,16 ,9.1 ,0 ,29.7 ,29.6 ,29.5 ,0.00 
9/12/22,86 ,76.3 ,66 ,57 ,54.5 ,52 ,70 ,48.5 ,32 ,6 ,3.1 ,0 ,29.6 ,29.5 ,29.4 ,0.00 
9/13/22,89 ,78.5 ,69 ,61 ,59.0 ,55 ,73 ,52.5 ,38 ,12 ,7.9 ,3 ,29.5 ,29.4 ,29.4 ,0.00 
9/14/22,87 ,77.8 ,68 ,65 ,57.6 ,53 ,70 ,51.0 ,33 ,12 ,8.1 ,6 ,29.6 ,29.5 ,29.4 ,0.00 
9/15/22,86 ,77.4 ,67 ,59 ,56.3 ,52 ,76 ,49.8 ,31 ,12 ,8.4 ,5 ,29.6 ,29.5 ,29.5 ,0.00 
9/16/22,90 ,80.8 ,71 ,70 ,65.2 ,59 ,73 ,59.4 ,46 ,14 ,9.1 ,5 ,29.6 ,29.5 ,29.4 ,0.00 
9/17/22,92 ,82.7 ,75 ,73 ,71.3 ,69 ,91 ,69.9 ,47 ,15 ,10.0 ,5 ,29.5 ,29.4 ,29.4 ,0.00 
9/18/22,93 ,84.6 ,77 ,72 ,69.3 ,66 ,82 ,61.9 ,41 ,12 ,8.3 ,6 ,29.5 ,29.5 ,29.4 ,0.00 
9/19/22,93 ,85.6 ,78 ,72 ,69.7 ,68 ,76 ,60.0 ,44 ,12 ,6.3 ,3 ,29.5 ,29.5 ,29.4 ,0.00 
9/20/22,94 ,85.8 ,78 ,73 ,68.4 ,65 ,76 ,57.5 ,41 ,12 ,6.3 ,3 ,29.6 ,29.5 ,29.4 ,0.00 
9/21/22,96 ,86.2 ,76 ,71 ,66.1 ,62 ,76 ,52.7 ,32 ,10 ,5.2 ,0 ,29.5 ,29.5 ,29.4 ,0.00 
9/22/22,98 ,85.7 ,74 ,65 ,59.6 ,53 ,68 ,44.3 ,23 ,7 ,3.4 ,0 ,29.5 ,29.5 ,29.4 ,0.00 
9/23/22,95 ,83.9 ,74 ,69 ,63.6 ,58 ,79 ,52.4 ,29 ,10 ,6.8 ,0 ,29.5 ,29.5 ,29.4 ,0.00 
9/24/22,95 ,86.1 ,79 ,68 ,62.3 ,56 ,62 ,46.3 ,27 ,10 ,7.4 ,5 ,29.5 ,29.4 ,29.4 ,0.00 
9/25/22,97 ,83.9 ,74 ,72 ,65.2 ,55 ,77 ,54.8 ,32 ,24 ,6.9 ,0 ,29.5 ,29.4 ,29.4 ,0.00 
9/26/22,87 ,77.1 ,68 ,52 ,45.1 ,40 ,56 ,33.8 ,19 ,13 ,6.8 ,0 ,29.6 ,29.6 ,29.5 ,0.00 
9/27/22,88 ,75.4 ,61 ,52 ,47.1 ,40 ,70 ,40.8 ,21 ,10 ,3.5 ,0 ,29.7 ,29.6 ,29.6 ,0.00 
9/28/22,89 ,78.5 ,68 ,49 ,46.5 ,43 ,50 ,33.7 ,20 ,12 ,7.0 ,0 ,29.7 ,29.7 ,29.6 ,0.00 
9/29/22,80 ,72.0 ,64 ,51 ,48.1 ,42 ,58 ,43.3 ,33 ,17 ,9.1 ,3 ,29.8 ,29.7 ,29.6 ,0.00 
9/30/22,80 ,69.6 ,60 ,46 ,44.3 ,43 ,55 ,41.1 ,29 ,9 ,5.5 ,0 ,29.6 ,29.5 ,29.5 ,0
10/1/22,80 ,68.6 ,56 ,48 ,43.5 ,37 ,64 ,42.8 ,21 ,9 ,3.9 ,0 ,29.6 ,29.5 ,29.5 ,0.00 
10/2/22,83 ,69.5 ,56 ,52 ,46.8 ,42 ,74 ,47.6 ,24 ,9 ,2.9 ,0 ,29.7 ,29.6 ,29.6 ,0.00 
10/3/22,84 ,71.0 ,57 ,51 ,48.0 ,45 ,69 ,46.6 ,26 ,7 ,3.0 ,0 ,29.7 ,29.6 ,29.6 ,0.00 
10/4/22,85 ,72.5 ,61 ,52 ,50.1 ,49 ,70 ,47.4 ,29 ,8 ,4.8 ,0 ,29.6 ,29.6 ,29.5 ,0.00 
10/5/22,86 ,74.4 ,62 ,53 ,49.6 ,45 ,67 ,44.2 ,24 ,9 ,3.5 ,0 ,29.6 ,29.6 ,29.5 ,0.00 
10/6/22,89 ,75.5 ,62 ,54 ,51.0 ,46 ,72 ,45.8 ,22 ,6 ,1.4 ,0 ,29.7 ,29.6 ,29.6 ,0.00 
10/7/22,88 ,74.6 ,0 ,82 ,50.6 ,0 ,94 ,42.8 ,0 ,9 ,4.2 ,0 ,29.8 ,29.7 ,29.6 ,0.00 
10/8/22,79 ,71.0 ,63 ,52 ,49.0 ,45 ,60 ,46.2 ,38 ,9 ,7.0 ,3 ,29.9 ,29.8 ,29.7 ,0.00 
10/9/22,82 ,69.8 ,59 ,57 ,53.1 ,49 ,72 ,56.7 ,39 ,8 ,3.3 ,0 ,29.8 ,29.7 ,29.6 ,0.00 
10/10/22,87 ,76.8 ,67 ,59 ,55.4 ,54 ,66 ,48.5 ,32 ,13 ,7.9 ,3 ,29.7 ,29.6 ,29.5 ,0.00 
10/11/22,83 ,76.2 ,68 ,61 ,57.0 ,53 ,68 ,52.0 ,41 ,16 ,10.3 ,5 ,29.6 ,29.5 ,29.4 ,0.00 
10/12/22,94 ,80.0 ,70 ,66 ,59.5 ,43 ,78 ,52.1 ,31 ,13 ,8.5 ,0 ,29.4 ,29.4 ,29.3 ,0.00 
10/13/22,83 ,71.1 ,59 ,45 ,39.5 ,34 ,55 ,33.6 ,18 ,12 ,5.0 ,0 ,29.6 ,29.5 ,29.4 ,0.00 
10/14/22,86 ,72.7 ,57 ,54 ,44.8 ,38 ,72 ,40.4 ,19 ,12 ,5.0 ,0 ,29.5 ,29.4 ,29.3 ,0.00 
10/15/22,92 ,81.3 ,73 ,68 ,62.6 ,57 ,81 ,55.2 ,32 ,14 ,9.7 ,3 ,29.5 ,29.4 ,29.4 ,0.00 
10/16/22,79 ,69.3 ,65 ,64 ,62.2 ,55 ,97 ,79.2 ,50 ,18 ,8.8 ,3 ,29.6 ,29.5 ,29.4 ,0.06 
10/17/22,70 ,64.1 ,55 ,53 ,39.0 ,29 ,64 ,41.9 ,24 ,15 ,9.5 ,5 ,29.7 ,29.6 ,29.6 ,0.09 
10/18/22,64 ,55.5 ,48 ,32 ,24.9 ,19 ,47 ,31.7 ,22 ,15 ,7.7 ,0 ,29.8 ,29.7 ,29.7 ,0.00 
10/19/22,66 ,54.3 ,40 ,29 ,24.5 ,17 ,65 ,33.8 ,19 ,12 ,3.5 ,0 ,29.9 ,29.7 ,29.6 ,0.00 
10/20/22,84 ,66.3 ,49 ,47 ,40.9 ,29 ,64 ,41.8 ,22 ,13 ,6.3 ,3 ,29.6 ,29.4 ,29.4 ,0.00 
10/21/22,89 ,71.3 ,53 ,50 ,47.8 ,43 ,83 ,48.7 ,20 ,17 ,7.0 ,0 ,29.4 ,29.4 ,29.3 ,0.00 
10/22/22,85 ,75.0 ,65 ,61 ,57.7 ,50 ,78 ,56.5 ,37 ,22 ,15.3 ,9 ,29.4 ,29.3 ,29.2 ,0.00 
10/23/22,85 ,77.1 ,71 ,64 ,61.1 ,59 ,75 ,58.9 ,41 ,25 ,17.1 ,13 ,29.3 ,29.3 ,29.2 ,0.00 
10/24/22,76 ,67.0 ,62 ,69 ,63.7 ,54 ,100 ,89.7 ,62 ,20 ,10.4 ,0 ,29.3 ,29.2 ,29.1 ,0.00 
10/25/22,69 ,58.9 ,51 ,53 ,41.9 ,35 ,81 ,56.6 ,29 ,31 ,13.2 ,0 ,29.5 ,29.4 ,29.2 ,2.61 
10/26/22,72 ,56.8 ,0 ,48 ,40.8 ,0 ,93 ,56.1 ,0 ,9 ,3.5 ,0 ,29.6 ,29.5 ,29.5 ,0.00 
10/27/22,72 ,62.6 ,52 ,46 ,42.5 ,40 ,66 ,49.0 ,34 ,15 ,8.9 ,3 ,29.5 ,29.5 ,29.4 ,0.00 
10/28/22,64 ,55.7 ,52 ,54 ,51.4 ,46 ,100 ,87.1 ,52 ,22 ,9.7 ,6 ,29.6 ,29.6 ,29.4 ,0.00 
10/29/22,64 ,59.1 ,55 ,57 ,55.5 ,53 ,97 ,88.3 ,77 ,16 ,10.3 ,6 ,29.6 ,29.5 ,29.5 ,2.45 
10/30/22,75 ,63.2 ,55 ,54 ,52.1 ,47 ,90 ,69.8 ,41 ,9 ,5.5 ,0 ,29.5 ,29.4 ,29.4 ,0.01 
10/31/22,77 ,63.4 ,52 ,52 ,48.0 ,38 ,97 ,62.8 ,25 ,6 ,1.9 ,0 ,29.6 ,29.5 ,29.4 ,0
11/1/22,76 ,65.6 ,57 ,56 ,52.8 ,48 ,83 ,64.4 ,43 ,13 ,4.5 ,0 ,29.7 ,29.6 ,29.5 ,0.00 
11/2/22,73 ,63.9 ,57 ,59 ,57.8 ,55 ,100 ,81.4 ,59 ,15 ,7.7 ,3 ,29.7 ,29.7 ,29.6 ,0.00 
11/3/22,80 ,71.7 ,66 ,68 ,65.0 ,60 ,90 ,79.6 ,62 ,16 ,10.8 ,5 ,29.6 ,29.5 ,29.4 ,0.00 
11/4/22,77 ,69.5 ,50 ,73 ,64.4 ,43 ,96 ,84.1 ,73 ,29 ,13.6 ,0 ,29.4 ,29.3 ,29.1 ,0.00 
11/5/22,65 ,54.9 ,45 ,46 ,41.7 ,37 ,80 ,62.3 ,46 ,14 ,8.7 ,0 ,29.4 ,29.4 ,29.3 ,0.72 
11/6/22,81 ,68.0 ,54 ,68 ,55.1 ,47 ,96 ,66.4 ,36 ,12 ,8.3 ,5 ,29.5 ,29.4 ,29.3 ,0.00 
11/7/22,79 ,71.8 ,67 ,72 ,69.9 ,67 ,100 ,94.0 ,74 ,13 ,5.0 ,0 ,29.7 ,29.6 ,29.5 ,0.00 
11/8/22,79 ,72.7 ,69 ,69 ,68.3 ,67 ,97 ,86.8 ,69 ,10 ,7.5 ,5 ,29.8 ,29.7 ,29.6 ,0.26 
11/9/22,82 ,73.5 ,69 ,68 ,64.5 ,60 ,96 ,75.3 ,49 ,16 ,10.2 ,0 ,29.7 ,29.6 ,29.5 ,0.00 
11/10/22,73 ,70.0 ,65 ,66 ,63.9 ,63 ,93 ,81.0 ,73 ,15 ,7.8 ,5 ,29.5 ,29.4 ,29.3 ,0.00 
11/11/22,70 ,50.0 ,40 ,62 ,44.6 ,27 ,93 ,82.5 ,53 ,22 ,13.3 ,5 ,29.7 ,29.4 ,29.2 ,0.05 
11/12/22,52 ,42.5 ,35 ,30 ,26.1 ,21 ,73 ,54.3 ,32 ,14 ,8.0 ,0 ,29.8 ,29.8 ,29.7 ,0.40 
11/13/22,52 ,44.1 ,34 ,30 ,26.2 ,22 ,79 ,51.3 ,33 ,9 ,6.0 ,0 ,29.8 ,29.7 ,29.6 ,0.00 
11/14/22,44 ,41.9 ,40 ,41 ,37.0 ,31 ,96 ,83.4 ,60 ,16 ,8.3 ,3 ,29.7 ,29.6 ,29.5 ,0.00 
11/15/22,44 ,40.5 ,39 ,38 ,34.9 ,33 ,89 ,80.6 ,68 ,16 ,10.0 ,0 ,29.9 ,29.8 ,29.7 ,0.45 
11/16/22,53 ,44.5 ,37 ,36 ,32.5 ,30 ,93 ,65.5 ,41 ,9 ,2.0 ,0 ,30.0 ,29.9 ,29.9 ,0.00 
11/17/22,59 ,46.8 ,34 ,34 ,31.3 ,28 ,85 ,57.7 ,33 ,9 ,4.3 ,0 ,29.9 ,29.9 ,29.8 ,0.00 
11/18/22,48 ,43.7 ,37 ,35 ,30.7 ,20 ,79 ,61.0 ,46 ,12 ,6.6 ,0 ,29.9 ,29.8 ,29.8 ,0.00 
11/19/22,42 ,37.5 ,35 ,28 ,22.9 ,20 ,76 ,56.3 ,43 ,10 ,5.8 ,0 ,30.0 ,29.9 ,29.9 ,0.00 
11/20/22,50 ,41.8 ,30 ,33 ,26.0 ,22 ,88 ,57.0 ,33 ,7 ,3.0 ,0 ,30.0 ,29.9 ,29.8 ,0.00 
11/21/22,52 ,46.7 ,42 ,38 ,35.5 ,33 ,80 ,65.9 ,52 ,7 ,4.2 ,0 ,29.9 ,29.8 ,29.8 ,0.01 
11/22/22,60 ,50.8 ,39 ,45 ,41.8 ,37 ,93 ,72.1 ,55 ,7 ,2.8 ,0 ,29.8 ,29.8 ,29.7 ,0.00 
11/23/22,56 ,53.7 ,52 ,52 ,48.8 ,45 ,96 ,83.8 ,67 ,12 ,5.9 ,0 ,29.7 ,29.5 ,29.4 ,0.00 
11/24/22,58 ,55.4 ,53 ,57 ,54.8 ,52 ,100 ,97.7 ,93 ,13 ,4.3 ,0 ,29.6 ,29.4 ,29.4 ,0.80 
11/25/22,58 ,54.3 ,51 ,53 ,51.1 ,48 ,97 ,89.2 ,78 ,12 ,8.2 ,3 ,29.7 ,29.6 ,29.5 ,0.89 
11/26/22,56 ,52.2 ,48 ,54 ,50.0 ,44 ,100 ,92.6 ,83 ,15 ,7.1 ,0 ,29.5 ,29.3 ,29.2 ,0.42 
11/27/22,63 ,52.3 ,45 ,45 ,43.1 ,39 ,90 ,72.7 ,52 ,13 ,6.4 ,3 ,29.5 ,29.4 ,29.3 ,0.81 
11/28/22,68 ,54.6 ,40 ,49 ,43.6 ,38 ,93 ,68.9 ,45 ,14 ,8.0 ,0 ,29.5 ,29.4 ,29.3 ,0.00 
11/29/22,79 ,65.7 ,43 ,64 ,55.1 ,30 ,90 ,70.6 ,40 ,22 ,10.3 ,0 ,29.6 ,29.2 ,29.1 ,0.00 
11/30/22,51 ,42.6 ,34 ,29 ,22.0 ,17 ,67 ,46.3 ,26 ,18 ,7.5 ,0 ,29.9 ,29.8 ,29.6 ,0
12/1/22,53 ,46.1 ,34 ,40 ,28.3 ,21 ,79 ,52.6 ,32 ,14 ,6.4 ,0 ,29.9 ,29.8 ,29.7 ,0.00 
12/2/22,65 ,56.6 ,49 ,62 ,52.0 ,42 ,93 ,84.9 ,71 ,15 ,9.3 ,3 ,29.6 ,29.6 ,29.4 ,0.01 
12/3/22,63 ,53.6 ,47 ,62 ,35.5 ,27 ,97 ,53.1 ,38 ,22 ,10.0 ,3 ,29.9 ,29.8 ,29.6 ,0.00 
12/4/22,57 ,51.5 ,48 ,50 ,38.4 ,28 ,96 ,62.9 ,44 ,10 ,6.3 ,0 ,29.8 ,29.7 ,29.5 ,0.00 
12/5/22,79 ,64.5 ,52 ,64 ,58.2 ,51 ,97 ,81.5 ,58 ,14 ,9.4 ,6 ,29.5 ,29.3 ,29.2 ,0.00 
12/6/22,76 ,70.1 ,64 ,64 ,62.2 ,59 ,90 ,76.3 ,64 ,10 ,5.5 ,0 ,29.5 ,29.4 ,29.3 ,0.00 
12/7/22,75 ,65.1 ,60 ,68 ,62.6 ,59 ,100 ,92.0 ,75 ,13 ,4.6 ,0 ,29.6 ,29.6 ,29.5 ,0.05 
12/8/22,72 ,65.0 ,58 ,68 ,61.1 ,56 ,100 ,87.4 ,71 ,10 ,2.5 ,0 ,29.6 ,29.6 ,29.6 ,0.02 
12/9/22,66 ,63.2 ,60 ,65 ,61.4 ,57 ,100 ,93.9 ,84 ,9 ,4.9 ,0 ,29.6 ,29.6 ,29.5 ,0.00 
12/10/22,74 ,63.3 ,54 ,67 ,61.0 ,53 ,100 ,92.6 ,73 ,25 ,8.2 ,0 ,29.6 ,29.5 ,29.5 ,0.00 
12/11/22,57 ,54.4 ,52 ,53 ,50.9 ,50 ,97 ,88.3 ,77 ,14 ,6.4 ,0 ,29.7 ,29.6 ,29.6 ,0.82 
12/12/22,63 ,59.0 ,54 ,62 ,56.5 ,50 ,97 ,91.6 ,83 ,18 ,11.1 ,3 ,29.6 ,29.4 ,29.3 ,0.00 
12/13/22,70 ,62.3 ,50 ,65 ,54.2 ,41 ,97 ,76.7 ,42 ,26 ,11.1 ,0 ,29.3 ,29.2 ,29.1 ,0.05 
12/14/22,58 ,52.1 ,44 ,43 ,32.3 ,24 ,77 ,47.7 ,34 ,17 ,9.1 ,3 ,29.5 ,29.3 ,29.2 ,0.45 
12/15/22,55 ,45.8 ,38 ,30 ,26.9 ,24 ,73 ,49.5 ,30 ,12 ,5.0 ,0 ,29.6 ,29.5 ,29.5 ,0.00 
12/16/22,48 ,42.5 ,36 ,29 ,22.5 ,19 ,76 ,47.3 ,33 ,13 ,7.3 ,0 ,29.7 ,29.6 ,29.6 ,0.00 
12/17/22,52 ,42.2 ,34 ,26 ,20.3 ,13 ,73 ,44.5 ,23 ,12 ,5.4 ,0 ,29.7 ,29.7 ,29.6 ,0.00 
12/18/22,54 ,43.9 ,31 ,27 ,23.1 ,16 ,82 ,48.5 ,24 ,14 ,5.8 ,0 ,29.8 ,29.7 ,29.7 ,0.00 
12/19/22,49 ,45.9 ,44 ,41 ,35.1 ,27 ,89 ,68.2 ,44 ,16 ,9.2 ,0 ,29.7 ,29.7 ,29.6 ,0.00 
12/20/22,56 ,46.0 ,40 ,42 ,37.7 ,33 ,97 ,75.5 ,43 ,13 ,6.5 ,3 ,29.9 ,29.8 ,29.7 ,0.02 
12/21/22,52 ,41.9 ,32 ,38 ,33.7 ,29 ,92 ,74.3 ,49 ,13 ,6.2 ,0 ,29.8 ,29.6 ,29.5 ,0.00 
12/22/22,45 ,26.5 ,11 ,41 ,18.7 ,-4 ,93 ,73.0 ,49 ,36 ,17.9 ,7 ,30.1 ,29.7 ,29.4 ,0.00 
12/23/22,24 ,18.0 ,11 ,1 ,-3.0 ,-5 ,54 ,40.6 ,28 ,22 ,13.5 ,7 ,30.3 ,30.2 ,30.1 ,0.00 
12/24/22,35 ,27.5 ,20 ,15 ,4.8 ,0 ,66 ,39.5 ,25 ,10 ,4.4 ,0 ,30.1 ,30.1 ,30.0 ,0.00 
12/25/22,50 ,37.5 ,23 ,15 ,11.5 ,5 ,72 ,39.1 ,17 ,12 ,5.0 ,0 ,30.0 ,29.8 ,29.7 ,0.00 
12/26/22,58 ,41.2 ,30 ,31 ,20.5 ,14 ,61 ,44.5 ,35 ,20 ,8.3 ,0 ,29.9 ,29.7 ,29.6 ,0.00 
12/27/22,50 ,36.6 ,25 ,26 ,19.5 ,15 ,66 ,51.4 ,34 ,16 ,7.5 ,0 ,29.9 ,29.7 ,29.5 ,0.00 
12/28/22,71 ,56.0 ,39 ,59 ,43.7 ,27 ,84 ,64.3 ,47 ,21 ,12.6 ,8 ,29.4 ,29.3 ,29.3 ,0.00 
12/29/22,73 ,65.4 ,56 ,60 ,53.4 ,43 ,84 ,66.2 ,47 ,15 ,8.1 ,0 ,29.4 ,29.4 ,29.3 ,0.00 
12/30/22,63 ,55.5 ,47 ,45 ,40.7 ,39 ,80 ,59.0 ,43 ,7 ,3.0 ,0 ,29.5 ,29.4 ,29.4 ,0.00 
12/31/22,71 ,62.5 ,51 ,50 ,45.0 ,43 ,80 ,54.7 ,38 ,13 ,8.7 ,5 ,29.4 ,29.3 ,29.2 ,0
1/1/23,76 ,65.8 ,55 ,62 ,51.2 ,45 ,90 ,60.9 ,37 ,13 ,8.7 ,5 ,29.4 ,29.3 ,29.3 ,0.00 
1/2/23,77 ,68.8 ,64 ,67 ,62.9 ,43 ,96 ,82.7 ,40 ,15 ,8.6 ,3 ,29.3 ,29.3 ,29.1 ,0.00 
1/3/23,68 ,61.0 ,47 ,41 ,31.6 ,26 ,61 ,34.4 ,21 ,14 ,7.0 ,0 ,29.4 ,29.3 ,29.2 ,0.00 
1/4/23,58 ,48.1 ,39 ,34 ,32.7 ,30 ,82 ,57.3 ,37 ,10 ,3.0 ,0 ,29.7 ,29.5 ,29.4 ,0.00 
1/5/23,61 ,48.5 ,38 ,34 ,28.3 ,21 ,79 ,50.4 ,21 ,7 ,3.6 ,0 ,29.8 ,29.7 ,29.7 ,0.00 
1/6/23,69 ,58.0 ,46 ,57 ,44.4 ,25 ,75 ,61.2 ,41 ,17 ,10.4 ,7 ,29.7 ,29.6 ,29.5 ,0.00 
1/7/23,65 ,57.0 ,50 ,58 ,42.9 ,33 ,93 ,61.4 ,39 ,17 ,10.1 ,5 ,29.8 ,29.6 ,29.5 ,0.00 
1/8/23,62 ,50.5 ,41 ,34 ,32.4 ,30 ,70 ,52.0 ,31 ,9 ,4.6 ,0 ,29.8 ,29.8 ,29.7 ,0.00 
1/9/23,68 ,55.0 ,40 ,47 ,38.3 ,32 ,77 ,55.4 ,36 ,14 ,7.3 ,0 ,29.7 ,29.6 ,29.5 ,0.00 
1/10/23,81 ,64.5 ,46 ,53 ,46.8 ,40 ,93 ,58.0 ,23 ,14 ,5.8 ,0 ,29.5 ,29.4 ,29.3 ,0.00 
1/11/23,82 ,70.0 ,58 ,60 ,45.7 ,18 ,62 ,44.3 ,14 ,16 ,8.8 ,0 ,29.4 ,29.3 ,29.2 ,0.00 
1/12/23,67 ,51.4 ,41 ,34 ,30.0 ,19 ,61 ,45.5 ,16 ,25 ,17.5 ,7 ,29.9 ,29.7 ,29.3 ,0.00 
1/13/23,58 ,46.2 ,35 ,29 ,26.6 ,22 ,70 ,48.7 ,27 ,9 ,5.6 ,0 ,29.9 ,29.9 ,29.8 ,0.00 
1/14/23,62 ,50.4 ,40 ,31 ,26.5 ,23 ,55 ,40.8 ,26 ,15 ,9.8 ,0 ,29.8 ,29.7 ,29.5 ,0.00 
1/15/23,69 ,59.3 ,48 ,55 ,47.7 ,34 ,86 ,66.6 ,52 ,25 ,15.0 ,8 ,29.5 ,29.3 ,29.2 ,0.00 
1/16/23,75 ,66.7 ,57 ,57 ,50.0 ,40 ,78 ,57.6 ,32 ,16 ,8.9 ,0 ,29.3 ,29.2 ,29.2 ,0.00 
1/17/23,79 ,65.4 ,51 ,59 ,44.0 ,39 ,81 ,48.9 ,25 ,13 ,6.1 ,0 ,29.3 ,29.2 ,29.2 ,0.00 
1/18/23,71 ,64.2 ,58 ,62 ,42.3 ,18 ,90 ,52.9 ,14 ,22 ,9.7 ,3 ,29.3 ,29.2 ,29.2 ,0.00 
1/19/23,60 ,52.9 ,44 ,31 ,26.2 ,21 ,48 ,36.5 ,23 ,20 ,9.8 ,0 ,29.7 ,29.6 ,29.3 ,0.00 
1/20/23,62 ,51.9 ,41 ,32 ,29.5 ,24 ,70 ,44.8 ,24 ,10 ,5.6 ,0 ,29.8 ,29.7 ,29.6 ,0.00 
1/21/23,56 ,49.8 ,45 ,45 ,39.1 ,32 ,90 ,67.5 ,48 ,16 ,7.8 ,0 ,29.6 ,29.5 ,29.4 ,0.00 
1/22/23,54 ,45.4 ,39 ,34 ,28.8 ,24 ,70 ,53.9 ,33 ,21 ,11.4 ,0 ,29.6 ,29.5 ,29.4 ,0.00 
1/23/23,54 ,45.1 ,36 ,32 ,28.8 ,25 ,76 ,55.2 ,34 ,9 ,5.8 ,0 ,29.8 ,29.7 ,29.6 ,0.00 
1/24/23,48 ,41.6 ,35 ,41 ,37.2 ,32 ,96 ,85.4 ,54 ,20 ,10.9 ,5 ,29.6 ,29.4 ,29.3 ,0.00 
1/25/23,43 ,39.0 ,36 ,35 ,33.2 ,32 ,93 ,80.4 ,67 ,15 ,9.8 ,0 ,29.8 ,29.6 ,29.4 ,0.00 
1/26/23,54 ,42.4 ,31 ,32 ,28.3 ,24 ,89 ,61.6 ,31 ,10 ,4.5 ,0 ,29.9 ,29.8 ,29.8 ,0.00 
1/27/23,61 ,47.5 ,32 ,32 ,28.2 ,24 ,79 ,50.3 ,28 ,14 ,7.3 ,0 ,29.8 ,29.7 ,29.6 ,0.00 
1/28/23,67 ,55.4 ,46 ,57 ,48.7 ,33 ,93 ,78.7 ,61 ,16 ,9.3 ,6 ,29.6 ,29.5 ,29.4 ,0.00 
1/29/23,63 ,46.2 ,31 ,59 ,42.8 ,26 ,97 ,88.2 ,78 ,23 ,12.7 ,5 ,29.7 ,29.6 ,29.4 ,0.00 
1/30/23,29 ,28.0 ,26 ,27 ,24.8 ,23 ,93 ,87.6 ,80 ,16 ,11.8 ,7 ,29.8 ,29.8 ,29.7 ,0.00 
1/31/23,28 ,26.4 ,25 ,26 ,22.6 ,21 ,93 ,85.5 ,75 ,17 ,11.2 ,6 ,29.9 ,29.8 ,29.8 ,0.01
2/1/23,31 ,28.7 ,27 ,29 ,23.4 ,17 ,93 ,80.9 ,66 ,14 ,8.0 ,3 ,29.9 ,29.8 ,29.8 ,0.56 
2/2/23,34 ,32.3 ,31 ,33 ,30.3 ,29 ,96 ,92.0 ,88 ,12 ,8.1 ,5 ,29.9 ,29.8 ,29.7 ,0.26 
2/3/23,52 ,38.9 ,29 ,36 ,30.6 ,25 ,100 ,75.5 ,35 ,8 ,4.2 ,0 ,30.1 ,30.0 ,29.9 ,0.09 
2/4/23,57 ,46.7 ,33 ,44 ,38.1 ,30 ,89 ,73.0 ,59 ,14 ,7.5 ,0 ,29.9 ,29.8 ,29.6 ,0.00 
2/5/23,71 ,56.9 ,42 ,50 ,45.7 ,40 ,93 ,68.4 ,41 ,13 ,6.6 ,0 ,29.7 ,29.6 ,29.5 ,0.00 
2/6/23,72 ,62.5 ,53 ,57 ,54.2 ,49 ,97 ,75.6 ,55 ,23 ,13.9 ,6 ,29.5 ,29.4 ,29.3 ,0.00 
2/7/23,63 ,55.3 ,48 ,59 ,52.2 ,47 ,97 ,89.4 ,80 ,16 ,9.6 ,3 ,29.5 ,29.5 ,29.4 ,0.00 
2/8/23,49 ,46.0 ,40 ,48 ,43.5 ,36 ,100 ,91.6 ,76 ,16 ,9.3 ,0 ,29.5 ,29.5 ,29.4 ,0.00 
2/9/23,64 ,48.8 ,35 ,45 ,39.4 ,34 ,97 ,72.7 ,45 ,12 ,4.9 ,0 ,29.7 ,29.6 ,29.5 ,0.00 
2/10/23,50 ,42.7 ,37 ,38 ,32.4 ,29 ,82 ,67.5 ,55 ,22 ,14.4 ,5 ,29.9 ,29.8 ,29.7 ,0.00 
2/11/23,55 ,43.1 ,36 ,35 ,32.8 ,30 ,82 ,68.3 ,45 ,14 ,7.6 ,0 ,29.9 ,29.8 ,29.7 ,0.00 
2/12/23,66 ,51.0 ,34 ,36 ,32.3 ,28 ,93 ,55.3 ,25 ,14 ,6.4 ,0 ,29.7 ,29.6 ,29.5 ,0.00 
2/13/23,67 ,56.9 ,46 ,50 ,37.0 ,30 ,67 ,48.6 ,30 ,20 ,8.1 ,0 ,29.6 ,29.4 ,29.1 ,0.00 
2/14/23,71 ,60.7 ,52 ,57 ,46.3 ,33 ,97 ,65.7 ,26 ,28 ,12.9 ,3 ,29.2 ,29.1 ,29.1 ,0.14 
2/15/23,76 ,64.3 ,49 ,65 ,50.7 ,33 ,84 ,62.0 ,47 ,23 ,10.9 ,0 ,29.3 ,29.2 ,29.1 ,0.38 
2/16/23,53 ,43.3 ,36 ,43 ,27.0 ,19 ,71 ,54.2 ,34 ,28 ,19.5 ,10 ,29.8 ,29.6 ,29.3 ,0.00 
2/17/23,50 ,40.3 ,30 ,25 ,21.2 ,17 ,72 ,48.7 ,27 ,17 ,7.6 ,0 ,30.0 ,29.9 ,29.9 ,0.00 
2/18/23,53 ,44.5 ,33 ,32 ,25.0 ,22 ,72 ,48.3 ,31 ,12 ,7.5 ,0 ,30.0 ,29.8 ,29.7 ,0.00 
2/19/23,70 ,58.9 ,46 ,48 ,35.0 ,26 ,63 ,42.2 ,25 ,13 ,8.7 ,3 ,29.6 ,29.6 ,29.5 ,0.00 
2/20/23,78 ,68.8 ,59 ,55 ,47.1 ,44 ,60 ,47.0 ,30 ,15 ,8.5 ,3 ,29.5 ,29.4 ,29.2 ,0.00 
2/21/23,87 ,73.9 ,64 ,64 ,54.6 ,48 ,76 ,53.0 ,29 ,20 ,11.8 ,6 ,29.3 ,29.1 ,29.0 ,0.00 
2/22/23,79 ,70.3 ,60 ,64 ,53.6 ,38 ,90 ,60.3 ,23 ,30 ,12.0 ,5 ,29.2 ,29.1 ,29.0 ,0.01 
2/23/23,68 ,55.8 ,47 ,63 ,39.3 ,25 ,87 ,55.9 ,35 ,17 ,12.2 ,8 ,29.7 ,29.5 ,29.2 ,0.35 
2/24/23,50 ,45.9 ,41 ,38 ,33.6 ,26 ,89 ,63.4 ,42 ,15 ,10.0 ,7 ,29.8 ,29.7 ,29.7 ,0.00 
2/25/23,49 ,43.9 ,39 ,46 ,40.8 ,37 ,96 ,89.1 ,80 ,12 ,5.9 ,0 ,29.8 ,29.7 ,29.6 ,0.03 
2/26/23,77 ,58.7 ,48 ,63 ,54.1 ,47 ,100 ,86.5 ,62 ,24 ,8.9 ,0 ,29.6 ,29.4 ,29.0 ,0.00 
2/27/23,75 ,63.3 ,55 ,52 ,34.9 ,22 ,81 ,38.8 ,21 ,23 ,7.9 ,0 ,29.4 ,29.3 ,29.2 ,0.04 
2/28/23,84 ,68.6 ,51 ,52 ,33.6 ,22 ,54 ,31.7 ,11 ,10 ,5.6 ,0 ,29.3 ,29.3 ,29.2 ,0
3/1/23,72 ,66.9 ,60 ,65 ,59.8 ,48 ,94 ,78.6 ,56 ,12 ,5.8 ,0 ,29.3 ,29.2 ,29.2 ,0.00 
3/2/23,80 ,63.1 ,53 ,66 ,56.6 ,50 ,100 ,80.4 ,58 ,53 ,13.9 ,0 ,29.2 ,29.0 ,28.8 ,0.14 
3/3/23,64 ,53.5 ,47 ,52 ,42.8 ,34 ,96 ,70.2 ,35 ,22 ,11.8 ,0 ,29.3 ,29.1 ,29.0 ,1.24 
3/4/23,75 ,61.6 ,47 ,50 ,45.4 ,40 ,83 ,57.0 ,35 ,15 ,7.4 ,0 ,29.5 ,29.4 ,29.3 ,0.00 
3/5/23,76 ,66.4 ,55 ,52 ,47.6 ,44 ,84 ,53.2 ,32 ,20 ,10.9 ,0 ,29.5 ,29.5 ,29.4 ,0.00 
3/6/23,81 ,69.0 ,58 ,63 ,57.4 ,51 ,87 ,67.9 ,47 ,15 ,7.1 ,0 ,29.5 ,29.4 ,29.4 ,0.00 
3/7/23,72 ,67.9 ,64 ,65 ,63.3 ,61 ,93 ,85.3 ,75 ,12 ,6.0 ,0 ,29.5 ,29.5 ,29.4 ,0.00 
3/8/23,63 ,56.3 ,52 ,57 ,51.5 ,49 ,93 ,84.2 ,70 ,15 ,8.3 ,0 ,29.7 ,29.6 ,29.5 ,0.09 
3/9/23,70 ,59.8 ,55 ,63 ,57.4 ,48 ,100 ,91.9 ,77 ,17 ,7.8 ,0 ,29.6 ,29.5 ,29.5 ,0.00 
3/10/23,66 ,56.9 ,47 ,54 ,45.7 ,41 ,87 ,67.8 ,45 ,14 ,7.8 ,0 ,29.7 ,29.6 ,29.4 ,0.21 
3/11/23,86 ,68.8 ,58 ,66 ,60.4 ,55 ,100 ,77.6 ,40 ,16 ,11.2 ,5 ,29.4 ,29.2 ,29.0 ,0.00 
3/12/23,65 ,63.3 ,62 ,56 ,55.0 ,54 ,75 ,74.3 ,73 ,14 ,13.3 ,13 ,29.2 ,29.2 ,29.2 ,0.00 
3/13/23,60 ,52.3 ,47 ,35 ,28.5 ,23 ,61 ,41.7 ,26 ,14 ,9.0 ,5 ,29.8 ,29.7 ,29.6 ,0.00 
3/14/23,61 ,52.5 ,43 ,37 ,30.5 ,24 ,58 ,44.1 ,30 ,10 ,6.3 ,3 ,29.8 ,29.7 ,29.7 ,0.00 
3/15/23,67 ,57.8 ,47 ,47 ,39.3 ,37 ,74 ,52.8 ,33 ,18 ,12.1 ,5 ,29.7 ,29.6 ,29.4 ,0.00 
3/16/23,71 ,61.2 ,44 ,65 ,55.8 ,34 ,96 ,83.0 ,60 ,33 ,15.0 ,6 ,29.5 ,29.3 ,29.1 ,0.00 
3/17/23,56 ,46.4 ,40 ,34 ,25.4 ,19 ,68 ,46.4 ,25 ,22 ,13.5 ,0 ,29.7 ,29.6 ,29.5 ,1.10 
3/18/23,57 ,47.8 ,42 ,34 ,24.2 ,15 ,70 ,42.3 ,22 ,17 ,7.4 ,0 ,29.9 ,29.8 ,29.7 ,0.00 
3/19/23,53 ,44.3 ,34 ,25 ,16.7 ,13 ,46 ,33.8 ,24 ,10 ,5.0 ,0 ,30.1 ,29.9 ,29.8 ,0.00 
3/20/23,54 ,48.0 ,40 ,34 ,26.8 ,22 ,55 ,44.2 ,34 ,22 ,12.7 ,6 ,29.8 ,29.7 ,29.6 ,0.00 
3/21/23,67 ,57.9 ,50 ,65 ,53.7 ,36 ,100 ,86.3 ,56 ,16 ,8.8 ,3 ,29.6 ,29.5 ,29.4 ,0.00 
3/22/23,80 ,72.2 ,67 ,65 ,64.2 ,62 ,93 ,77.1 ,54 ,17 ,12.3 ,7 ,29.5 ,29.4 ,29.4 ,0.07 
3/23/23,83 ,75.3 ,69 ,67 ,64.3 ,62 ,87 ,70.0 ,49 ,17 ,12.6 ,7 ,29.4 ,29.4 ,29.3 ,0.00 
3/24/23,75 ,68.7 ,64 ,67 ,60.3 ,38 ,93 ,75.8 ,36 ,17 ,8.8 ,0 ,29.3 ,29.2 ,29.1 ,0.01 
3/25/23,76 ,64.1 ,54 ,40 ,33.2 ,26 ,59 ,35.4 ,16 ,14 ,5.7 ,0 ,29.4 ,29.3 ,29.2 ,0.20 
3/26/23,78 ,63.3 ,48 ,47 ,41.8 ,35 ,71 ,47.6 ,32 ,17 ,6.3 ,0 ,29.5 ,29.4 ,29.3 ,0.00 
3/27/23,72 ,59.8 ,49 ,55 ,41.6 ,30 ,87 ,53.6 ,33 ,12 ,6.6 ,0 ,29.6 ,29.5 ,29.4 ,0.00 
3/28/23,64 ,56.6 ,50 ,54 ,36.4 ,29 ,90 ,49.3 ,28 ,20 ,10.0 ,0 ,29.9 ,29.8 ,29.6 ,0.14 
3/29/23,65 ,57.0 ,50 ,50 ,42.6 ,34 ,67 ,58.8 ,48 ,12 ,6.3 ,0 ,29.7 ,29.6 ,29.6 ,0.00 
3/30/23,73 ,65.2 ,60 ,65 ,57.4 ,51 ,81 ,75.8 ,67 ,22 ,12.0 ,7 ,29.6 ,29.4 ,29.3 ,0.00 
3/31/23,84 ,74.9 ,70 ,67 ,51.4 ,19 ,87 ,53.9 ,13 ,23 ,13.6 ,7 ,29.5 ,29.3 ,29.2 ,0
